"timestamp_prod","timestamp_box","timestamp_pallet","prod_id","rfid_id","qr_id","rfid_id_box","rfid_id_pallet","location_id","antenna_id_prod","antenna_id_box","antenna_id_pallet","lote_prod","nperbox","nperpallet","tag_goodread","tag_loc_goodread","timestamp_pallet_out","origin_id","destiny_id","timeest","antenna_id_pallet_out","price","tag_goodread_out","tag_loc_goodread_out","order_id"
1644232999,1644221589,1644233599,"SKU0001","2E1116B470861944D0644F5A","33A0740E98A46C74","0742C0A333D87BAD976C8D22","8FA8D1ACB7C2ECEABC23C530","Fabrica Main","1","2","3","2343",10,10,"Y","Y",1644664200,"Fabrica Main","CD 1",48,"4",20000,"Y","Y","4356"
1644234200,1644221589,1644353699,"SKU0001","D3FF1E0E5B4112AD386124AD","C765AB1A03F5F75E","0742C0A333D87BAD976C8D22","8FA8D1ACB7C2ECEABC23C530","Fabrica Main","1","2","3","2343",10,10,"Y","Y",1644664200,"Fabrica Main","CD 1",48,"4",20000,"Y","Y","4356"
1644235401,1644221589,1644353699,"SKU0001","66D645632E0E5758224279CC","66196C4B4DA0BAED","0742C0A333D87BAD976C8D22","8FA8D1ACB7C2ECEABC23C530","Fabrica Main","1","2","3","2343",10,10,"Y","Y",1644664200,"Fabrica Main","CD 1",48,"4",20000,"Y","Y","4356"
1644236602,1644221589,1644353699,"SKU0001","1940BD803403C679DB343A8B","BC3980BC7EB5D091","0742C0A333D87BAD976C8D22","8FA8D1ACB7C2ECEABC23C530","Fabrica Main","1","2","3","2343",10,10,"Y","Y",1644664200,"Fabrica Main","CD 1",48,"4",20000,"Y","Y","4356"
1644237803,1644221589,1644353699,"SKU0001","8684DF808FF67D660D39A25D","34179E1E8908A55E","0742C0A333D87BAD976C8D22","8FA8D1ACB7C2ECEABC23C530","Fabrica Main","1","2","3","2343",10,10,"Y","Y",1644664200,"Fabrica Main","CD 1",48,"4",20000,"Y","Y","4356"
1644239004,1644221589,1644353699,"SKU0001","ADA886999304B75242EA0A48","E2B3205F78E1A0E6","0742C0A333D87BAD976C8D22","8FA8D1ACB7C2ECEABC23C530","Fabrica Main","1","2","3","2343",10,10,"Y","Y",1644664200,"Fabrica Main","CD 1",48,"4",20000,"Y","Y","4356"
1644240205,1644221589,1644353699,"SKU0001","EA19647E078D4F57B100E6EB","139572556C232BFB","0742C0A333D87BAD976C8D22","8FA8D1ACB7C2ECEABC23C530","Fabrica Main","1","2","3","2343",10,10,"Y","Y",1644664200,"Fabrica Main","CD 1",48,"4",20000,"Y","Y","4356"
1644241406,1644221589,1644353699,"SKU0001","F4C54157DF74568520BBEAA5","26F3798B670B839F","0742C0A333D87BAD976C8D22","8FA8D1ACB7C2ECEABC23C530","Fabrica Main","1","2","3","2343",10,10,"Y","Y",1644664200,"Fabrica Main","CD 1",48,"4",20000,"Y","Y","4356"
1644242607,1644233599,1644353699,"SKU0001","707C665F8A259CBFEEC9376F","FE0956CB57D605B0","0742C0A333D87BAD976C8D22","8FA8D1ACB7C2ECEABC23C530","Fabrica Main","1","2","3","2343",10,10,"Y","Y",1644664200,"Fabrica Main","CD 1",48,"4",20000,"Y","Y","4356"
1644243808,1644233599,1644353699,"SKU0001","2F24DB1AB1565831EAA378A4","9EDCC9777E6ABB4F","0742C0A333D87BAD976C8D22","8FA8D1ACB7C2ECEABC23C530","Fabrica Main","1","2","3","2343",10,10,"Y","Y",1644664200,"Fabrica Main","CD 1",48,"4",20000,"Y","Y","4356"
1644245009,1644233599,1644353699,"SKU0001","7D553DFCA64BBF4314733525","2385F61AFA37C835","FF0626957D0BD20D0A812D35","8FA8D1ACB7C2ECEABC23C530","Fabrica Main","1","2","3","2343",10,10,"Y","Y",1644664200,"Fabrica Main","CD 1",48,"4",20000,"Y","Y","4356"
1644246210,1644233599,1644353699,"SKU0001","991C112B95119BE90BDB8ABF","F647F7359F2F2C52","FF0626957D0BD20D0A812D35","8FA8D1ACB7C2ECEABC23C530","Fabrica Main","1","2","3","2343",10,10,"Y","Y",1644664200,"Fabrica Main","CD 1",48,"4",20000,"Y","Y","4356"
1644247411,1644233599,1644353699,"SKU0001","6A33D8205C220479301216BD","DAE019DFF2F4FDC4","FF0626957D0BD20D0A812D35","8FA8D1ACB7C2ECEABC23C530","Fabrica Main","1","2","3","2343",10,10,"Y","Y",1644664200,"Fabrica Main","CD 1",48,"4",20000,"Y","Y","4356"
1644248612,1644233599,1644353699,"SKU0001","BF59A9D8D46C083D98ABB091","3A5FAC50297A3283","FF0626957D0BD20D0A812D35","8FA8D1ACB7C2ECEABC23C530","Fabrica Main","1","2","3","2343",10,10,"Y","Y",1644664200,"Fabrica Main","CD 1",48,"4",20000,"Y","Y","4356"
1644249813,1644233599,1644353699,"SKU0001","7F77594BC8EFB9AF264E8812","3BD107BE21139CF5","FF0626957D0BD20D0A812D35","8FA8D1ACB7C2ECEABC23C530","Fabrica Main","1","2","3","2343",10,10,"Y","Y",1644664200,"Fabrica Main","CD 1",48,"4",20000,"Y","Y","4356"
1644251014,1644233599,1644353699,"SKU0001","644F0821F70AF0DB2BA4F247","82C1DA90413D94D4","FF0626957D0BD20D0A812D35","8FA8D1ACB7C2ECEABC23C530","Fabrica Main","1","2","3","2343",10,10,"Y","Y",1644664200,"Fabrica Main","CD 1",48,"4",20000,"Y","Y","4356"
1644252215,1644233599,1644353699,"SKU0001","145B657865687B8DDB0A0CA8","81D8D270FBF36C28","FF0626957D0BD20D0A812D35","8FA8D1ACB7C2ECEABC23C530","Fabrica Main","1","2","3","2343",10,10,"Y","Y",1644664200,"Fabrica Main","CD 1",48,"4",20000,"Y","Y","4356"
1644253416,1644233599,1644353699,"SKU0001","C6ECA7E5D76940D8447AD114","821436AE2811B7DF","FF0626957D0BD20D0A812D35","8FA8D1ACB7C2ECEABC23C530","Fabrica Main","1","2","3","2343",10,10,"Y","Y",1644664200,"Fabrica Main","CD 1",48,"4",20000,"Y","Y","4356"
1644254617,1644233599,1644353699,"SKU0001","D25605115419823883F26A19","BE9B1B025E72830A","FF0626957D0BD20D0A812D35","8FA8D1ACB7C2ECEABC23C530","Fabrica Main","1","2","3","2343",10,10,"Y","Y",1644664200,"Fabrica Main","CD 1",48,"4",20000,"Y","Y","4356"
1644255818,1644245609,1644353699,"SKU0001","6CB0B9202B9776C186D33364","649B8569FD735EDB","FF0626957D0BD20D0A812D35","8FA8D1ACB7C2ECEABC23C530","Fabrica Main","1","2","3","2343",10,10,"Y","Y",1644664200,"Fabrica Main","CD 1",48,"4",20000,"Y","Y","4356"
1644257019,1644245609,1644353699,"SKU0001","EF1B2B00420D647D85F34C65","981D4399E7D10C43","47E2EBFDD96ED883C1E3F362","8FA8D1ACB7C2ECEABC23C530","Fabrica Main","1","2","3","2343",10,10,"Y","Y",1644664200,"Fabrica Main","CD 1",48,"4",20000,"Y","Y","4356"
1644258220,1644245609,1644353699,"SKU0001","417C32CBCCA78B5949015373","EFBEA8B82FD22C06","47E2EBFDD96ED883C1E3F362","8FA8D1ACB7C2ECEABC23C530","Fabrica Main","1","2","3","2343",10,10,"Y","Y",1644664200,"Fabrica Main","CD 1",48,"4",20000,"Y","Y","4356"
1644259421,1644245609,1644353699,"SKU0001","6A9121066CD25F17210B16B2","B6885BEAEB5B7AB0","47E2EBFDD96ED883C1E3F362","8FA8D1ACB7C2ECEABC23C530","Fabrica Main","1","2","3","2343",10,10,"Y","Y",1644664200,"Fabrica Main","CD 1",48,"4",20000,"Y","Y","4356"
1644260622,1644245609,1644353699,"SKU0001","DF5322FC8F0B7A05964F128D","0EBF24202FB3D08F","47E2EBFDD96ED883C1E3F362","8FA8D1ACB7C2ECEABC23C530","Fabrica Main","1","2","3","2343",10,10,"Y","Y",1644664200,"Fabrica Main","CD 1",48,"4",20000,"Y","Y","4356"
1644261823,1644245609,1644353699,"SKU0001","7BF89309D79E6823270F2F13","00A8048C1D32B461","47E2EBFDD96ED883C1E3F362","8FA8D1ACB7C2ECEABC23C530","Fabrica Main","1","2","3","2343",10,10,"Y","Y",1644664200,"Fabrica Main","CD 1",48,"4",20000,"Y","Y","4356"
1644263024,1644245609,1644353699,"SKU0001","BA9D472CE31BA91A1DC58258","4F0C4ED8B2929964","47E2EBFDD96ED883C1E3F362","8FA8D1ACB7C2ECEABC23C530","Fabrica Main","1","2","3","2343",10,10,"Y","Y",1644664200,"Fabrica Main","CD 1",48,"4",20000,"Y","Y","4356"
1644264225,1644245609,1644353699,"SKU0001","5590334905F991899325ECE2","01B1656A1A8F96BB","47E2EBFDD96ED883C1E3F362","8FA8D1ACB7C2ECEABC23C530","Fabrica Main","1","2","3","2343",10,10,"Y","Y",1644664200,"Fabrica Main","CD 1",48,"4",20000,"Y","Y","4356"
1644265426,1644245609,1644353699,"SKU0001","565997B1ECBF965AE953A455","A723595E31402D04","47E2EBFDD96ED883C1E3F362","8FA8D1ACB7C2ECEABC23C530","Fabrica Main","1","2","3","2343",10,10,"Y","Y",1644664200,"Fabrica Main","CD 1",48,"4",20000,"Y","Y","4356"
1644266627,1644245609,1644353699,"SKU0001","6F5F6BF30D9C42998F0063EB","EFB6B4EB03FB1DDE","47E2EBFDD96ED883C1E3F362","8FA8D1ACB7C2ECEABC23C530","Fabrica Main","1","2","3","2343",10,10,"Y","Y",1644664200,"Fabrica Main","CD 1",48,"4",20000,"Y","Y","4356"
1644267828,1644245609,1644353699,"SKU0001","86BD1C44D192722763427884","7AD1C145E020B721","47E2EBFDD96ED883C1E3F362","8FA8D1ACB7C2ECEABC23C530","Fabrica Main","1","2","3","2343",10,10,"Y","Y",1644664200,"Fabrica Main","CD 1",48,"4",20000,"Y","Y","4356"
1644269029,1644257619,1644353699,"SKU0001","CD3D8F8A51DF597F1561E97C","BF62549CFF01CDED","353D515BC372DDBC1353F865","8FA8D1ACB7C2ECEABC23C530","Fabrica Main","1","2","3","2343",10,10,"Y","Y",1644664200,"Fabrica Main","CD 1",48,"4",20000,"Y","Y","4356"
1644270230,1644257619,1644353699,"SKU0001","343ADA9408D2C9A0BF1354C0","A139F4CAD27DC0AA","353D515BC372DDBC1353F865","8FA8D1ACB7C2ECEABC23C530","Fabrica Main","1","2","3","2343",10,10,"Y","Y",1644664200,"Fabrica Main","CD 1",48,"4",20000,"Y","Y","4356"
1644271431,1644257619,1644353699,"SKU0001","31EA52B978A7A449DA4681D2","3E64E6E0CFECAA03","353D515BC372DDBC1353F865","8FA8D1ACB7C2ECEABC23C530","Fabrica Main","1","2","3","2343",10,10,"Y","Y",1644664200,"Fabrica Main","CD 1",48,"4",20000,"Y","Y","4356"
1644272632,1644257619,1644353699,"SKU0001","46FA75480FB06C9AFB70E1DC","945458909F1527D6","353D515BC372DDBC1353F865","8FA8D1ACB7C2ECEABC23C530","Fabrica Main","1","2","3","2343",10,10,"Y","Y",1644664200,"Fabrica Main","CD 1",48,"4",20000,"Y","Y","4356"
1644273833,1644257619,1644353699,"SKU0001","6BF1890B3CC8F1C46FA061F8","2D71B9705559711A","353D515BC372DDBC1353F865","8FA8D1ACB7C2ECEABC23C530","Fabrica Main","1","2","3","2343",10,10,"Y","Y",1644664200,"Fabrica Main","CD 1",48,"4",20000,"Y","Y","4356"
1644275034,1644257619,1644353699,"SKU0001","A51429055390A53AAECCC065","86EFD0655D1249AD","353D515BC372DDBC1353F865","8FA8D1ACB7C2ECEABC23C530","Fabrica Main","1","2","3","2343",10,10,"Y","Y",1644664200,"Fabrica Main","CD 1",48,"4",20000,"Y","Y","4356"
1644276235,1644257619,1644353699,"SKU0001","307A46F2BABF8C63C1C681A8","5DC5BF0736782ED6","353D515BC372DDBC1353F865","8FA8D1ACB7C2ECEABC23C530","Fabrica Main","1","2","3","2343",10,10,"Y","Y",1644664200,"Fabrica Main","CD 1",48,"4",20000,"Y","Y","4356"
1644277436,1644257619,1644353699,"SKU0001","50F5794CF55B063457791100","6A8E90183E0413AD","353D515BC372DDBC1353F865","8FA8D1ACB7C2ECEABC23C530","Fabrica Main","1","2","3","2343",10,10,"Y","Y",1644664200,"Fabrica Main","CD 1",48,"4",20000,"Y","Y","4356"
1644278637,1644257619,1644353699,"SKU0001","C80E98D11D5326E89C6FC0C1","E4447E2408D459F4","353D515BC372DDBC1353F865","8FA8D1ACB7C2ECEABC23C530","Fabrica Main","1","2","3","2343",10,10,"Y","Y",1644664200,"Fabrica Main","CD 1",48,"4",20000,"Y","Y","4356"
1644279838,1644257619,1644353699,"SKU0001","4DB126BA075915BBC3A87DC2","89A66AD8CDD6E86B","353D515BC372DDBC1353F865","8FA8D1ACB7C2ECEABC23C530","Fabrica Main","1","2","3","2343",10,10,"Y","Y",1644664200,"Fabrica Main","CD 1",48,"4",20000,"Y","Y","4356"
1644281039,1644257619,1644353699,"SKU0001","7497AAAF792D65917F3A011E","9AFE4C6948398A7F","F112D359F1849F18BF48DCD9","8FA8D1ACB7C2ECEABC23C530","Fabrica Main","1","2","3","2343",10,10,"Y","Y",1644664200,"Fabrica Main","CD 1",48,"4",20000,"Y","Y","4356"
1644282240,1644269629,1644353699,"SKU0001","E6BA4136FC35E164629C2DDD","064E90599F7805D8","F112D359F1849F18BF48DCD9","8FA8D1ACB7C2ECEABC23C530","Fabrica Main","1","2","3","2343",10,10,"Y","Y",1644664200,"Fabrica Main","CD 1",48,"4",20000,"Y","Y","4356"
1644283441,1644269629,1644353699,"SKU0001","03EB1A8D39E8C2BD1B8A4A03","DAD8C9E05671F573","F112D359F1849F18BF48DCD9","8FA8D1ACB7C2ECEABC23C530","Fabrica Main","1","2","3","2343",10,10,"Y","Y",1644664200,"Fabrica Main","CD 1",48,"4",20000,"Y","Y","4356"
1644284642,1644269629,1644353699,"SKU0001","3A1550025D811A50D3CA5314","2972414FE3538DAA","F112D359F1849F18BF48DCD9","8FA8D1ACB7C2ECEABC23C530","Fabrica Main","1","2","3","2343",10,10,"Y","Y",1644664200,"Fabrica Main","CD 1",48,"4",20000,"Y","Y","4356"
1644285843,1644269629,1644353699,"SKU0001","AB016B1E7D7F536794A782CF","986DF274DF988C4F","F112D359F1849F18BF48DCD9","8FA8D1ACB7C2ECEABC23C530","Fabrica Main","1","2","3","2343",10,10,"Y","Y",1644664200,"Fabrica Main","CD 1",48,"4",20000,"Y","Y","4356"
1644287044,1644269629,1644353699,"SKU0001","DB50D99C950AFBAA8DF090A9","45DBF2CF960A84D4","F112D359F1849F18BF48DCD9","8FA8D1ACB7C2ECEABC23C530","Fabrica Main","1","2","3","2343",10,10,"Y","Y",1644664200,"Fabrica Main","CD 1",48,"4",20000,"Y","Y","4356"
1644288245,1644269629,1644353699,"SKU0001","E687AA380C28026CAF0DF5BC","5BAFAA6568ACC4A2","F112D359F1849F18BF48DCD9","8FA8D1ACB7C2ECEABC23C530","Fabrica Main","1","2","3","2343",10,10,"Y","Y",1644664200,"Fabrica Main","CD 1",48,"4",20000,"Y","Y","4356"
1644289446,1644269629,1644353699,"SKU0001","A21FE07C0BC44DE5073A496E","B2C749DA8DFFDD27","F112D359F1849F18BF48DCD9","8FA8D1ACB7C2ECEABC23C530","Fabrica Main","1","2","3","2343",10,10,"Y","Y",1644664200,"Fabrica Main","CD 1",48,"4",20000,"Y","Y","4356"
1644290647,1644269629,1644353699,"SKU0001","B0DEC00F69D441ED6A7CBA57","0144FCEA3E7095DD","F112D359F1849F18BF48DCD9","8FA8D1ACB7C2ECEABC23C530","Fabrica Main","1","2","3","2343",10,10,"Y","Y",1644664200,"Fabrica Main","CD 1",48,"4",20000,"Y","Y","4356"
1644291848,1644269629,1644353699,"SKU0001","48878092EEB26E4EF38ED7D8","A2401274EDF1E82B","F112D359F1849F18BF48DCD9","8FA8D1ACB7C2ECEABC23C530","Fabrica Main","1","2","3","2343",10,10,"Y","Y",1644664200,"Fabrica Main","CD 1",48,"4",20000,"Y","Y","4356"
1644293049,1644269629,1644353699,"SKU0001","4D9B0A4AEA5B8B4CFAE78935","115DB12BD30F90DE","0DEEFAD6624AF3E0D6A62EBC","8FA8D1ACB7C2ECEABC23C530","Fabrica Main","1","2","3","2343",10,10,"Y","Y",1644664200,"Fabrica Main","CD 1",48,"4",20000,"Y","Y","4356"
1644294250,1644269629,1644353699,"SKU0001","01043E840E8D700E18B488EA","8CAD2556DEFB5D5F","0DEEFAD6624AF3E0D6A62EBC","8FA8D1ACB7C2ECEABC23C530","Fabrica Main","1","2","3","2343",10,10,"Y","Y",1644664200,"Fabrica Main","CD 1",48,"4",20000,"Y","Y","4356"
1644295451,1644281639,1644353699,"SKU0001","655B9A55A66E921900257408","2F737B3C6C4C399D","0DEEFAD6624AF3E0D6A62EBC","8FA8D1ACB7C2ECEABC23C530","Fabrica Main","1","2","3","2343",10,10,"Y","Y",1644664200,"Fabrica Main","CD 1",48,"4",20000,"Y","Y","4356"
1644296652,1644281639,1644353699,"SKU0001","869537EE974FC9C09AD9455B","578AF7F7A0F19842","0DEEFAD6624AF3E0D6A62EBC","8FA8D1ACB7C2ECEABC23C530","Fabrica Main","1","2","3","2343",10,10,"Y","Y",1644664200,"Fabrica Main","CD 1",48,"4",20000,"Y","Y","4356"
1644297853,1644281639,1644353699,"SKU0001","8A9B871A140E6F650888FE1E","4358B7B3EA3D075D","0DEEFAD6624AF3E0D6A62EBC","8FA8D1ACB7C2ECEABC23C530","Fabrica Main","1","2","3","2343",10,10,"Y","Y",1644664200,"Fabrica Main","CD 1",48,"4",20000,"Y","Y","4356"
1644299054,1644281639,1644353699,"SKU0001","A178A103DE2B9D71C6D31842","6F264036CAE36A64","0DEEFAD6624AF3E0D6A62EBC","8FA8D1ACB7C2ECEABC23C530","Fabrica Main","1","2","3","2343",10,10,"Y","Y",1644664200,"Fabrica Main","CD 1",48,"4",20000,"Y","Y","4356"
1644300255,1644281639,1644353699,"SKU0001","2B4CDA9E9EA7317033B87458","3AEE3B68BA5E7600","0DEEFAD6624AF3E0D6A62EBC","8FA8D1ACB7C2ECEABC23C530","Fabrica Main","1","2","3","2343",10,10,"Y","Y",1644664200,"Fabrica Main","CD 1",48,"4",20000,"Y","Y","4356"
1644301456,1644281639,1644353699,"SKU0001","48CF6CE0A39BA4D6DC4C8C24","4B1DF167327F7E23","0DEEFAD6624AF3E0D6A62EBC","8FA8D1ACB7C2ECEABC23C530","Fabrica Main","1","2","3","2343",10,10,"Y","Y",1644664200,"Fabrica Main","CD 1",48,"4",20000,"Y","Y","4356"
1644302657,1644281639,1644353699,"SKU0001","A30FC839079205DB82F9D24C","DBB1559F401D3E32","0DEEFAD6624AF3E0D6A62EBC","8FA8D1ACB7C2ECEABC23C530","Fabrica Main","1","2","3","2343",10,10,"Y","Y",1644664200,"Fabrica Main","CD 1",48,"4",20000,"Y","Y","4356"
1644303858,1644281639,1644353699,"SKU0001","6A7E694CF22C968D2FF4836F","4AB33D3A1118E0E2","0DEEFAD6624AF3E0D6A62EBC","8FA8D1ACB7C2ECEABC23C530","Fabrica Main","1","2","3","2343",10,10,"Y","Y",1644664200,"Fabrica Main","CD 1",48,"4",20000,"Y","Y","4356"
1644305059,1644281639,1644353699,"SKU0001","B122F9785E13E2E57967F64E","2732D4FA4798B2FB","AFCF8CBD5951DA72F86E6141","8FA8D1ACB7C2ECEABC23C530","Fabrica Main","1","2","3","2343",10,10,"Y","Y",1644664200,"Fabrica Main","CD 1",48,"4",20000,"Y","Y","4356"
1644306260,1644281639,1644353699,"SKU0001","9996F2CB3453627A7253B8F4","5C70828E8324552D","AFCF8CBD5951DA72F86E6141","8FA8D1ACB7C2ECEABC23C530","Fabrica Main","1","2","3","2343",10,10,"Y","Y",1644664200,"Fabrica Main","CD 1",48,"4",20000,"Y","Y","4356"
1644307461,1644281639,1644353699,"SKU0001","8F22039C2E11A2D211A2BBFD","3FF32307FE339380","AFCF8CBD5951DA72F86E6141","8FA8D1ACB7C2ECEABC23C530","Fabrica Main","1","2","3","2343",10,10,"Y","Y",1644664200,"Fabrica Main","CD 1",48,"4",20000,"Y","Y","4356"
1644308662,1644293649,1644353699,"SKU0001","35F109D728E74731BE9EDE38","B7FB69EAB384D302","AFCF8CBD5951DA72F86E6141","8FA8D1ACB7C2ECEABC23C530","Fabrica Main","1","2","3","2343",10,10,"Y","Y",1644664200,"Fabrica Main","CD 1",48,"4",20000,"Y","Y","4356"
1644309863,1644293649,1644353699,"SKU0001","DA1BC4A279DE9C3FA732DF5B","51385DA5938BDB3D","AFCF8CBD5951DA72F86E6141","8FA8D1ACB7C2ECEABC23C530","Fabrica Main","1","2","3","2343",10,10,"Y","Y",1644664200,"Fabrica Main","CD 1",48,"4",20000,"Y","Y","4356"
1644311064,1644293649,1644353699,"SKU0001","1D6D5FC2F033C1381E5B8569","E326A700C4A0EC7A","AFCF8CBD5951DA72F86E6141","8FA8D1ACB7C2ECEABC23C530","Fabrica Main","1","2","3","2343",10,10,"Y","Y",1644664200,"Fabrica Main","CD 1",48,"4",20000,"Y","Y","4356"
1644312265,1644293649,1644353699,"SKU0001","59C7B9E41EED988A5279C0A7","7F615AAB184F00BE","AFCF8CBD5951DA72F86E6141","8FA8D1ACB7C2ECEABC23C530","Fabrica Main","1","2","3","2343",10,10,"Y","Y",1644664200,"Fabrica Main","CD 1",48,"4",20000,"Y","Y","4356"
1644313466,1644293649,1644353699,"SKU0001","F25AADEA35F489426890D508","60B479F217731B27","AFCF8CBD5951DA72F86E6141","8FA8D1ACB7C2ECEABC23C530","Fabrica Main","1","2","3","2343",10,10,"Y","Y",1644664200,"Fabrica Main","CD 1",48,"4",20000,"Y","Y","4356"
1644314667,1644293649,1644353699,"SKU0001","B941E966B8AB601FF796A513","E2B3D17E270670F8","AFCF8CBD5951DA72F86E6141","8FA8D1ACB7C2ECEABC23C530","Fabrica Main","1","2","3","2343",10,10,"Y","Y",1644664200,"Fabrica Main","CD 1",48,"4",20000,"Y","Y","4356"
1644315868,1644293649,1644353699,"SKU0001","D30D6B7787FF66C0FCD3A61C","E8AF40CE488F6836","AFCF8CBD5951DA72F86E6141","8FA8D1ACB7C2ECEABC23C530","Fabrica Main","1","2","3","2343",10,10,"Y","Y",1644664200,"Fabrica Main","CD 1",48,"4",20000,"Y","Y","4356"
1644317069,1644293649,1644353699,"SKU0001","DA367C469BB94FF9FEEADABC","9CAD8F5552216129","18F2F44CE0AAC50227808421","8FA8D1ACB7C2ECEABC23C530","Fabrica Main","1","2","3","2343",10,10,"Y","Y",1644664200,"Fabrica Main","CD 1",48,"4",20000,"Y","Y","4356"
1644318270,1644293649,1644353699,"SKU0001","4A31275CE50FCB408939D390","081630C8F4A45C83","18F2F44CE0AAC50227808421","8FA8D1ACB7C2ECEABC23C530","Fabrica Main","1","2","3","2343",10,10,"Y","Y",1644664200,"Fabrica Main","CD 1",48,"4",20000,"Y","Y","4356"
1644319471,1644293649,1644353699,"SKU0001","281F0F39102368AF84AEE266","0B869A5D13D19D45","18F2F44CE0AAC50227808421","8FA8D1ACB7C2ECEABC23C530","Fabrica Main","1","2","3","2343",10,10,"Y","Y",1644664200,"Fabrica Main","CD 1",48,"4",20000,"Y","Y","4356"
1644320672,1644293649,1644353699,"SKU0001","495CF3FB6CE9A42813C6942B","9FECB3AD21DA5332","18F2F44CE0AAC50227808421","8FA8D1ACB7C2ECEABC23C530","Fabrica Main","1","2","3","2343",10,10,"Y","Y",1644664200,"Fabrica Main","CD 1",48,"4",20000,"Y","Y","4356"
1644321873,1644305659,1644353699,"SKU0001","A70C0D718E469F8394E69955","F2A2CAEBECF2A708","18F2F44CE0AAC50227808421","8FA8D1ACB7C2ECEABC23C530","Fabrica Main","1","2","3","2343",10,10,"Y","Y",1644664200,"Fabrica Main","CD 1",48,"4",20000,"Y","Y","4356"
1644323074,1644305659,1644353699,"SKU0001","10F3D3516F8A75D1879D7225","C1034267CF2577CF","18F2F44CE0AAC50227808421","8FA8D1ACB7C2ECEABC23C530","Fabrica Main","1","2","3","2343",10,10,"Y","Y",1644664200,"Fabrica Main","CD 1",48,"4",20000,"Y","Y","4356"
1644324275,1644305659,1644353699,"SKU0001","388B30BFB95771C9829AF20D","61D4E9A8C8D74C9E","18F2F44CE0AAC50227808421","8FA8D1ACB7C2ECEABC23C530","Fabrica Main","1","2","3","2343",10,10,"Y","Y",1644664200,"Fabrica Main","CD 1",48,"4",20000,"Y","Y","4356"
1644325476,1644305659,1644353699,"SKU0001","D65C3C580D5548762948B0C0","D869ECF9C78EF331","18F2F44CE0AAC50227808421","8FA8D1ACB7C2ECEABC23C530","Fabrica Main","1","2","3","2343",10,10,"Y","Y",1644664200,"Fabrica Main","CD 1",48,"4",20000,"Y","Y","4356"
1644326677,1644305659,1644353699,"SKU0001","2714204C5DEE5267FFFFF9FD","24C2D316DD0DD745","18F2F44CE0AAC50227808421","8FA8D1ACB7C2ECEABC23C530","Fabrica Main","1","2","3","2343",10,10,"Y","Y",1644664200,"Fabrica Main","CD 1",48,"4",20000,"Y","Y","4356"
1644327878,1644305659,1644353699,"SKU0001","FF7BA7B8F51705AFD6621C7F","5F4B12939786C970","18F2F44CE0AAC50227808421","8FA8D1ACB7C2ECEABC23C530","Fabrica Main","1","2","3","2343",10,10,"Y","Y",1644664200,"Fabrica Main","CD 1",48,"4",20000,"Y","Y","4356"
1644329079,1644305659,1644353699,"SKU0001","9E3EC815F0B58951BB2D3730","B10AED295CCC3608","4769E36795A52312E0F3F66E","8FA8D1ACB7C2ECEABC23C530","Fabrica Main","1","2","3","2343",10,10,"Y","Y",1644664200,"Fabrica Main","CD 1",48,"4",20000,"Y","Y","4356"
1644330280,1644305659,1644353699,"SKU0001","3E63CC94B6A0A45E2B376693","9A2EC53AC9B9CA9D","4769E36795A52312E0F3F66E","8FA8D1ACB7C2ECEABC23C530","Fabrica Main","1","2","3","2343",10,10,"Y","Y",1644664200,"Fabrica Main","CD 1",48,"4",20000,"Y","Y","4356"
1644331481,1644305659,1644353699,"SKU0001","D8D6D87A9F97EFE9B53FA9E8","65D791D09346385C","4769E36795A52312E0F3F66E","8FA8D1ACB7C2ECEABC23C530","Fabrica Main","1","2","3","2343",10,10,"Y","Y",1644664200,"Fabrica Main","CD 1",48,"4",20000,"Y","Y","4356"
1644332682,1644305659,1644353699,"SKU0001","90EE58191C40D46BB1DAF91B","69D1E281228597E9","4769E36795A52312E0F3F66E","8FA8D1ACB7C2ECEABC23C530","Fabrica Main","1","2","3","2343",10,10,"Y","Y",1644664200,"Fabrica Main","CD 1",48,"4",20000,"Y","Y","4356"
1644333883,1644305659,1644353699,"SKU0001","98FE881B662DF1AFB8DE00CC","F2361F3FEC903DE2","4769E36795A52312E0F3F66E","8FA8D1ACB7C2ECEABC23C530","Fabrica Main","1","2","3","2343",10,10,"Y","Y",1644664200,"Fabrica Main","CD 1",48,"4",20000,"Y","Y","4356"
1644335084,1644317669,1644353699,"SKU0001","28341567934E4AD9B37CFD12","9DE78851BC94657A","4769E36795A52312E0F3F66E","8FA8D1ACB7C2ECEABC23C530","Fabrica Main","1","2","3","2343",10,10,"Y","Y",1644664200,"Fabrica Main","CD 1",48,"4",20000,"Y","Y","4356"
1644336285,1644317669,1644353699,"SKU0001","A9F99F7F24B6FB56F1579467","2BF3FB5618CF4C30","4769E36795A52312E0F3F66E","8FA8D1ACB7C2ECEABC23C530","Fabrica Main","1","2","3","2343",10,10,"Y","Y",1644664200,"Fabrica Main","CD 1",48,"4",20000,"Y","Y","4356"
1644337486,1644317669,1644353699,"SKU0001","AF66A22D48BC66F323FB589D","1FE18E1E2FC8DCE4","4769E36795A52312E0F3F66E","8FA8D1ACB7C2ECEABC23C530","Fabrica Main","1","2","3","2343",10,10,"Y","Y",1644664200,"Fabrica Main","CD 1",48,"4",20000,"Y","Y","4356"
1644338687,1644317669,1644353699,"SKU0001","EE9B53433A3770729BD18400","6EC62C7CC9C6BEE0","4769E36795A52312E0F3F66E","8FA8D1ACB7C2ECEABC23C530","Fabrica Main","1","2","3","2343",10,10,"Y","Y",1644664200,"Fabrica Main","CD 1",48,"4",20000,"Y","Y","4356"
1644339888,1644317669,1644353699,"SKU0001","12B6EA79DD6A27F46A920C72","3D89FA857C8CB4E2","4769E36795A52312E0F3F66E","8FA8D1ACB7C2ECEABC23C530","Fabrica Main","1","2","3","2343",10,10,"Y","Y",1644664200,"Fabrica Main","CD 1",48,"4",20000,"Y","Y","4356"
1644341089,1644317669,1644353699,"SKU0001","6DCD7446CEE1B031709971E0","70C1103ACDB6D63E","265B4DAD99B80D2FABF1C943","8FA8D1ACB7C2ECEABC23C530","Fabrica Main","1","2","3","2343",10,10,"Y","Y",1644664200,"Fabrica Main","CD 1",48,"4",20000,"Y","Y","4356"
1644342290,1644317669,1644353699,"SKU0001","B01FC07C1B40AA7864D419FA","0F4E495CC6990DCF","265B4DAD99B80D2FABF1C943","8FA8D1ACB7C2ECEABC23C530","Fabrica Main","1","2","3","2343",10,10,"Y","Y",1644664200,"Fabrica Main","CD 1",48,"4",20000,"Y","Y","4356"
1644343491,1644317669,1644353699,"SKU0001","FF8F3FAF4FE5256343B8D19F","658870037CDAC20C","265B4DAD99B80D2FABF1C943","8FA8D1ACB7C2ECEABC23C530","Fabrica Main","1","2","3","2343",10,10,"Y","Y",1644664200,"Fabrica Main","CD 1",48,"4",20000,"Y","Y","4356"
1644344692,1644317669,1644353699,"SKU0001","38940D9696471C8EFDEDF0D7","6710AE280CE46A81","265B4DAD99B80D2FABF1C943","8FA8D1ACB7C2ECEABC23C530","Fabrica Main","1","2","3","2343",10,10,"Y","Y",1644664200,"Fabrica Main","CD 1",48,"4",20000,"Y","Y","4356"
1644345893,1644317669,1644353699,"SKU0001","07742F3860B310447B6DF148","6815EC410F382184","265B4DAD99B80D2FABF1C943","8FA8D1ACB7C2ECEABC23C530","Fabrica Main","1","2","3","2343",10,10,"Y","Y",1644664200,"Fabrica Main","CD 1",48,"4",20000,"Y","Y","4356"
1644347094,1644317669,1644353699,"SKU0001","2F428317B6D9ACF87757B11D","8FB48240AEDF1084","265B4DAD99B80D2FABF1C943","8FA8D1ACB7C2ECEABC23C530","Fabrica Main","1","2","3","2343",10,10,"Y","Y",1644664200,"Fabrica Main","CD 1",48,"4",20000,"Y","Y","4356"
1644348295,1644329679,1644353699,"SKU0001","BE880416A99CFA9C9AEF9D02","CEDF665002486EBF","265B4DAD99B80D2FABF1C943","8FA8D1ACB7C2ECEABC23C530","Fabrica Main","1","2","3","2343",10,10,"Y","Y",1644664200,"Fabrica Main","CD 1",48,"4",20000,"Y","Y","4356"
1644349496,1644329679,1644353699,"SKU0001","E7A053B4B32FD264C57DC444","948D100572A1D11F","265B4DAD99B80D2FABF1C943","8FA8D1ACB7C2ECEABC23C530","Fabrica Main","1","2","3","2343",10,10,"Y","Y",1644664200,"Fabrica Main","CD 1",48,"4",20000,"Y","Y","4356"
1644350697,1644329679,1644353699,"SKU0001","63410258D87E1C7B1ABF8DAD","F298179C96802D54","265B4DAD99B80D2FABF1C943","8FA8D1ACB7C2ECEABC23C530","Fabrica Main","1","2","3","2343",10,10,"Y","Y",1644664200,"Fabrica Main","CD 1",48,"4",20000,"Y","Y","4356"
1644351898,1644329679,1644353699,"SKU0001","5698EC5D58E5FA7D8F1E5944","1813BEF5725B9F0C","265B4DAD99B80D2FABF1C943","8FA8D1ACB7C2ECEABC23C530","Fabrica Main","1","2","3","2343",10,10,"Y","Y",1644664200,"Fabrica Main","CD 1",48,"4",20000,"Y","Y","4356"
1644353099,1644329679,1644353699,"SKU0001","9F89B8972B646764590CEB02","938ABC7D79BAFDA1","983B3E6053978BCD5EA4313B","99F296334B0B471B6DD88512","Fabrica Main","1","2","3","2343",10,10,"Y","Y",1644664200,"Fabrica Main","CD 1",48,"4",20000,"Y","Y","4356"
1644354300,1644329679,1644353699,"SKU0001","72D32470622CAF2A276307BC","8104D6F5CEF273FF","983B3E6053978BCD5EA4313B","99F296334B0B471B6DD88512","Fabrica Main","1","2","3","2343",10,10,"Y","Y",1644664200,"Fabrica Main","CD 1",48,"4",20000,"Y","Y","4356"
1644355501,1644329679,1644473799,"SKU0001","24FA41E46F9E33792A5231C2","34C6F388CF42A4C1","983B3E6053978BCD5EA4313B","99F296334B0B471B6DD88512","Fabrica Main","1","2","3","2343",10,10,"Y","Y",1644664200,"Fabrica Main","CD 1",48,"4",20000,"Y","Y","4356"
1644356702,1644329679,1644473799,"SKU0001","4E79FD9CCBBEC937F81E6CB5","AEDB30C627A7EDEE","983B3E6053978BCD5EA4313B","99F296334B0B471B6DD88512","Fabrica Main","1","2","3","2343",10,10,"Y","Y",1644664200,"Fabrica Main","CD 1",48,"4",20000,"Y","Y","4356"
1644357903,1644329679,1644473799,"SKU0001","9B990E38775A0D208C703254","9D8810B5A32097DC","983B3E6053978BCD5EA4313B","99F296334B0B471B6DD88512","Fabrica Main","1","2","3","2343",10,10,"Y","Y",1644664200,"Fabrica Main","CD 1",48,"4",20000,"Y","Y","4356"
1644359104,1644329679,1644473799,"SKU0001","A53117E92298A5A26C354A60","EAD19A915D42D2F6","983B3E6053978BCD5EA4313B","99F296334B0B471B6DD88512","Fabrica Main","1","2","3","2343",10,10,"Y","Y",1644664200,"Fabrica Main","CD 1",48,"4",20000,"Y","Y","4356"
1644360305,1644329679,1644473799,"SKU0001","4C8E7966CBB99CB40CBE3BFF","A7767110388A66F6","983B3E6053978BCD5EA4313B","99F296334B0B471B6DD88512","Fabrica Main","1","2","3","2343",10,10,"Y","Y",1644664200,"Fabrica Main","CD 1",48,"4",20000,"Y","Y","4356"
1644361506,1644341689,1644473799,"SKU0001","FF236D6B901FA71402260628","5D7C3C6D5A0640C8","983B3E6053978BCD5EA4313B","99F296334B0B471B6DD88512","Fabrica Main","1","2","3","2343",10,10,"Y","Y",1644664200,"Fabrica Main","CD 1",48,"4",20000,"Y","Y","4356"
1644362707,1644341689,1644473799,"SKU0001","EEF8BFB740B5DC42707879C8","9379479104D48538","983B3E6053978BCD5EA4313B","99F296334B0B471B6DD88512","Fabrica Main","1","2","3","2343",10,10,"Y","Y",1644664200,"Fabrica Main","CD 1",48,"4",20000,"Y","Y","4356"
1644363908,1644341689,1644473799,"SKU0001","5D6DB4B9EDDECE50F46D9043","0BD764A879BF8195","983B3E6053978BCD5EA4313B","99F296334B0B471B6DD88512","Fabrica Main","1","2","3","2343",10,10,"Y","Y",1644664200,"Fabrica Main","CD 1",48,"4",20000,"Y","Y","4356"
1644365109,1644341689,1644473799,"SKU0001","C30FB6D796F6BE863EFBB706","6AFCC4034B9E01DD","EB1AA334B1AE4A68A0181ABF","99F296334B0B471B6DD88512","Fabrica Main","1","2","3","2343",10,10,"Y","Y",1644664200,"Fabrica Main","CD 1",48,"4",20000,"Y","Y","4356"
1644366310,1644341689,1644473799,"SKU0001","EDFCDDBA87CB96285C911538","DA6FD9E19D1CBA6D","EB1AA334B1AE4A68A0181ABF","99F296334B0B471B6DD88512","Fabrica Main","1","2","3","2343",10,10,"Y","Y",1644664200,"Fabrica Main","CD 1",48,"4",20000,"Y","Y","4356"
1644367511,1644341689,1644473799,"SKU0001","63AED6411964B7725BA0EDF4","6417EA6BED855D2D","EB1AA334B1AE4A68A0181ABF","99F296334B0B471B6DD88512","Fabrica Main","1","2","3","2343",10,10,"Y","Y",1644664200,"Fabrica Main","CD 1",48,"4",20000,"Y","Y","4356"
1644368712,1644341689,1644473799,"SKU0001","59606B46C5377913216231F3","4D77347331A2ABA5","EB1AA334B1AE4A68A0181ABF","99F296334B0B471B6DD88512","Fabrica Main","1","2","3","2343",10,10,"Y","Y",1644664200,"Fabrica Main","CD 1",48,"4",20000,"Y","Y","4356"
1644369913,1644341689,1644473799,"SKU0001","5B16FEDC7263D74DAC5DA79F","976F1D868103276F","EB1AA334B1AE4A68A0181ABF","99F296334B0B471B6DD88512","Fabrica Main","1","2","3","2343",10,10,"Y","Y",1644664200,"Fabrica Main","CD 1",48,"4",20000,"Y","Y","4356"
1644371114,1644341689,1644473799,"SKU0001","7FA88A88C9107950F84F3621","A5D12D77C14EC86E","EB1AA334B1AE4A68A0181ABF","99F296334B0B471B6DD88512","Fabrica Main","1","2","3","2343",10,10,"Y","Y",1644664200,"Fabrica Main","CD 1",48,"4",20000,"Y","Y","4356"
1644372315,1644341689,1644473799,"SKU0001","46ABB3C15B8E192144B4508B","E31357C06C7841D3","EB1AA334B1AE4A68A0181ABF","99F296334B0B471B6DD88512","Fabrica Main","1","2","3","2343",10,10,"Y","Y",1644664200,"Fabrica Main","CD 1",48,"4",20000,"Y","Y","4356"
1644373516,1644341689,1644473799,"SKU0001","D2FEE5D68CD313BDDC3E4FD8","DF831C88E2FD4AEF","EB1AA334B1AE4A68A0181ABF","99F296334B0B471B6DD88512","Fabrica Main","1","2","3","2343",10,10,"Y","Y",1644664200,"Fabrica Main","CD 1",48,"4",20000,"Y","Y","4356"
1644374717,1644353699,1644473799,"SKU0001","FF0DFB0DD7350A868E1B21CB","45472BA13B018C70","EB1AA334B1AE4A68A0181ABF","99F296334B0B471B6DD88512","Fabrica Main","1","2","3","2343",10,10,"Y","Y",1644664200,"Fabrica Main","CD 1",48,"4",20000,"Y","Y","4356"
1644375918,1644353699,1644473799,"SKU0001","EA7B9FAFC0C9FF2CDF65A5FA","8CEBFAF3BD7AF355","EB1AA334B1AE4A68A0181ABF","99F296334B0B471B6DD88512","Fabrica Main","1","2","3","2343",10,10,"Y","Y",1644664200,"Fabrica Main","CD 1",48,"4",20000,"Y","Y","4356"
1644377119,1644353699,1644473799,"SKU0001","822EB3C3204EF8E0B23F56E0","FE2C2E3C8DEB2711","52C7AAD1FE14E6FABE5CB663","99F296334B0B471B6DD88512","Fabrica Main","1","2","3","2343",10,10,"Y","Y",1644664200,"Fabrica Main","CD 1",48,"4",20000,"Y","Y","4356"
1644378320,1644353699,1644473799,"SKU0001","28E03F20644A7B763A4BFC07","24754FBAA540400A","52C7AAD1FE14E6FABE5CB663","99F296334B0B471B6DD88512","Fabrica Main","1","2","3","2343",10,10,"Y","Y",1644664200,"Fabrica Main","CD 1",48,"4",20000,"Y","Y","4356"
1644379521,1644353699,1644473799,"SKU0001","C392C2B3C712C12C3CAEE26F","DF84117853A2FC2E","52C7AAD1FE14E6FABE5CB663","99F296334B0B471B6DD88512","Fabrica Main","1","2","3","2343",10,10,"Y","Y",1644664200,"Fabrica Main","CD 1",48,"4",20000,"Y","Y","4356"
1644380722,1644353699,1644473799,"SKU0001","627EF6DB8851F4E8C347ABBC","3BB1D86B5B3F9D8B","52C7AAD1FE14E6FABE5CB663","99F296334B0B471B6DD88512","Fabrica Main","1","2","3","2343",10,10,"Y","Y",1644664200,"Fabrica Main","CD 1",48,"4",20000,"Y","Y","4356"
1644381923,1644353699,1644473799,"SKU0001","1F9709F0DE6502F6D03BABED","B861EE8DEAA52F35","52C7AAD1FE14E6FABE5CB663","99F296334B0B471B6DD88512","Fabrica Main","1","2","3","2343",10,10,"Y","Y",1644664200,"Fabrica Main","CD 1",48,"4",20000,"Y","Y","4356"
1644383124,1644353699,1644473799,"SKU0001","24C0120515AD35D7451369C5","83E378CE70E50FD5","52C7AAD1FE14E6FABE5CB663","99F296334B0B471B6DD88512","Fabrica Main","1","2","3","2343",10,10,"Y","Y",1644664200,"Fabrica Main","CD 1",48,"4",20000,"Y","Y","4356"
1644384325,1644353699,1644473799,"SKU0001","936684A6ED98600B4E684F1A","1B68DACB8FA45A82","52C7AAD1FE14E6FABE5CB663","99F296334B0B471B6DD88512","Fabrica Main","1","2","3","2343",10,10,"Y","Y",1644664200,"Fabrica Main","CD 1",48,"4",20000,"Y","Y","4356"
1644385526,1644353699,1644473799,"SKU0001","710BEDC4D76107BF8DCBCFDF","F056ABF9D556AE13","52C7AAD1FE14E6FABE5CB663","99F296334B0B471B6DD88512","Fabrica Main","1","2","3","2343",10,10,"Y","Y",1644664200,"Fabrica Main","CD 1",48,"4",20000,"Y","Y","4356"
1644386727,1644353699,1644473799,"SKU0001","0FD21A2969918E1BA8BB8D99","EB663B38D2709493","52C7AAD1FE14E6FABE5CB663","99F296334B0B471B6DD88512","Fabrica Main","1","2","3","2343",10,10,"Y","Y",1644664200,"Fabrica Main","CD 1",48,"4",20000,"Y","Y","4356"
1644387928,1644365709,1644473799,"SKU0001","F68D673217A7752EC42BE703","CACEAFCB007F0BE8","52C7AAD1FE14E6FABE5CB663","99F296334B0B471B6DD88512","Fabrica Main","1","2","3","2343",10,10,"Y","Y",1644664200,"Fabrica Main","CD 1",48,"4",20000,"Y","Y","4356"
1644389129,1644365709,1644473799,"SKU0001","7ECD445CA6BF0CA1077595AF","0E24D6BCA1BECF8B","10DFD9E53EF6EB9F9DD00EB6","99F296334B0B471B6DD88512","Fabrica Main","1","2","3","2343",10,10,"Y","Y",1644664200,"Fabrica Main","CD 1",48,"4",20000,"Y","Y","4356"
1644390330,1644365709,1644473799,"SKU0001","BE183FB4E81541763F3B00D2","176E4713FA94F9F8","10DFD9E53EF6EB9F9DD00EB6","99F296334B0B471B6DD88512","Fabrica Main","1","2","3","2343",10,10,"Y","Y",1644664200,"Fabrica Main","CD 1",48,"4",20000,"Y","Y","4356"
1644391531,1644365709,1644473799,"SKU0001","25B115FFF561108825DA3CB5","F137228FCD847E8E","10DFD9E53EF6EB9F9DD00EB6","99F296334B0B471B6DD88512","Fabrica Main","1","2","3","2343",10,10,"Y","Y",1644664200,"Fabrica Main","CD 1",48,"4",20000,"Y","Y","4356"
1644392732,1644365709,1644473799,"SKU0001","6C35934259B1F6C7C7625EAD","6E0A3DC52A05DA44","10DFD9E53EF6EB9F9DD00EB6","99F296334B0B471B6DD88512","Fabrica Main","1","2","3","2343",10,10,"Y","Y",1644664200,"Fabrica Main","CD 1",48,"4",20000,"Y","Y","4356"
1644393933,1644365709,1644473799,"SKU0001","DEA778072A895981397BCD17","909BFFF5EB267386","10DFD9E53EF6EB9F9DD00EB6","99F296334B0B471B6DD88512","Fabrica Main","1","2","3","2343",10,10,"Y","Y",1644664200,"Fabrica Main","CD 1",48,"4",20000,"Y","Y","4356"
1644395134,1644365709,1644473799,"SKU0001","E7D55503FB8659D21EFAFE88","124265BD386C5A6B","10DFD9E53EF6EB9F9DD00EB6","99F296334B0B471B6DD88512","Fabrica Main","1","2","3","2343",10,10,"Y","Y",1644664200,"Fabrica Main","CD 1",48,"4",20000,"Y","Y","4356"
1644396335,1644365709,1644473799,"SKU0001","4460BB51097DB0E6DFAD2259","499CAE1A7ED163B3","10DFD9E53EF6EB9F9DD00EB6","99F296334B0B471B6DD88512","Fabrica Main","1","2","3","2343",10,10,"Y","Y",1644664200,"Fabrica Main","CD 1",48,"4",20000,"Y","Y","4356"
1644397536,1644365709,1644473799,"SKU0001","A018C70F2FF01EB68657B8E4","28139D408A57F544","10DFD9E53EF6EB9F9DD00EB6","99F296334B0B471B6DD88512","Fabrica Main","1","2","3","2343",10,10,"Y","Y",1644664200,"Fabrica Main","CD 1",48,"4",20000,"Y","Y","4356"
1644398737,1644365709,1644473799,"SKU0001","A73FC81FD6E82285B56A880D","50D9B518C597298D","10DFD9E53EF6EB9F9DD00EB6","99F296334B0B471B6DD88512","Fabrica Main","1","2","3","2343",10,10,"Y","Y",1644664200,"Fabrica Main","CD 1",48,"4",20000,"Y","Y","4356"
1644399938,1644365709,1644473799,"SKU0001","530FBCE8372B43590C3111D5","1E496A26007C98ED","10DFD9E53EF6EB9F9DD00EB6","99F296334B0B471B6DD88512","Fabrica Main","1","2","3","2343",10,10,"Y","Y",1644664200,"Fabrica Main","CD 1",48,"4",20000,"Y","Y","4356"
1644401139,1644377719,1644473799,"SKU0001","93CA08F54D2DFE6333F59FBF","953B8C7D9CB29399","4C0B295F1EBE6A32F0DABC99","99F296334B0B471B6DD88512","Fabrica Main","1","2","3","2343",10,10,"Y","Y",1644664200,"Fabrica Main","CD 1",48,"4",20000,"Y","Y","4356"
1644402340,1644377719,1644473799,"SKU0001","980467FE0E4F05847225F4CE","CA969B16A2A15F46","4C0B295F1EBE6A32F0DABC99","99F296334B0B471B6DD88512","Fabrica Main","1","2","3","2343",10,10,"Y","Y",1644664200,"Fabrica Main","CD 1",48,"4",20000,"Y","Y","4356"
1644403541,1644377719,1644473799,"SKU0001","C51A1B0B397B7456FE7A45C2","9FF856F2745C85E7","4C0B295F1EBE6A32F0DABC99","99F296334B0B471B6DD88512","Fabrica Main","1","2","3","2343",10,10,"Y","Y",1644664200,"Fabrica Main","CD 1",48,"4",20000,"Y","Y","4356"
1644404742,1644377719,1644473799,"SKU0001","0E1EFCCBE37279A9AB047AE7","E3A2423169065EA2","4C0B295F1EBE6A32F0DABC99","99F296334B0B471B6DD88512","Fabrica Main","1","2","3","2343",10,10,"Y","Y",1644664200,"Fabrica Main","CD 1",48,"4",20000,"Y","Y","4356"
1644405943,1644377719,1644473799,"SKU0001","E0FC75896F021B13ED4A2FDF","10BDA1E4BDA0D042","4C0B295F1EBE6A32F0DABC99","99F296334B0B471B6DD88512","Fabrica Main","1","2","3","2343",10,10,"Y","Y",1644664200,"Fabrica Main","CD 1",48,"4",20000,"Y","Y","4356"
1644407144,1644377719,1644473799,"SKU0001","CCC59D299948BEA98CEB6DE1","A7CD38C0E443A820","4C0B295F1EBE6A32F0DABC99","99F296334B0B471B6DD88512","Fabrica Main","1","2","3","2343",10,10,"Y","Y",1644664200,"Fabrica Main","CD 1",48,"4",20000,"Y","Y","4356"
1644408345,1644377719,1644473799,"SKU0001","6645B146F92C4E862DBB0815","0A91877F43B62D9F","4C0B295F1EBE6A32F0DABC99","99F296334B0B471B6DD88512","Fabrica Main","1","2","3","2343",10,10,"Y","Y",1644664200,"Fabrica Main","CD 1",48,"4",20000,"Y","Y","4356"
1644409546,1644377719,1644473799,"SKU0001","16EFF6D0220C21713437B694","3F910427E3D0CAE0","4C0B295F1EBE6A32F0DABC99","99F296334B0B471B6DD88512","Fabrica Main","1","2","3","2343",10,10,"Y","Y",1644664200,"Fabrica Main","CD 1",48,"4",20000,"Y","Y","4356"
1644410747,1644377719,1644473799,"SKU0001","150C74312E3B9BFAAEDDA61C","55538C194199C67E","4C0B295F1EBE6A32F0DABC99","99F296334B0B471B6DD88512","Fabrica Main","1","2","3","2343",10,10,"Y","Y",1644664200,"Fabrica Main","CD 1",48,"4",20000,"Y","Y","4356"
1644411948,1644377719,1644473799,"SKU0001","399A6A07489588A78418C121","4F745D1CDAFDE38B","4C0B295F1EBE6A32F0DABC99","99F296334B0B471B6DD88512","Fabrica Main","1","2","3","2343",10,10,"Y","Y",1644664200,"Fabrica Main","CD 1",48,"4",20000,"Y","Y","4356"
1644413149,1644377719,1644473799,"SKU0001","AA89E70E1C697AD82C64D030","28C8030598340CAC","BA7B5614C4EC7A6000DEF088","99F296334B0B471B6DD88512","Fabrica Main","1","2","3","2343",10,10,"Y","Y",1644664200,"Fabrica Main","CD 1",48,"4",20000,"Y","Y","4356"
1644414350,1644389729,1644473799,"SKU0001","B8E8987F0E71B82504257E4D","77F851334542FE54","BA7B5614C4EC7A6000DEF088","99F296334B0B471B6DD88512","Fabrica Main","1","2","3","2343",10,10,"Y","Y",1644664200,"Fabrica Main","CD 1",48,"4",20000,"Y","Y","4356"
1644415551,1644389729,1644473799,"SKU0001","57E171C26F0741B77C8F0280","8A3FCC55C19A3D55","BA7B5614C4EC7A6000DEF088","99F296334B0B471B6DD88512","Fabrica Main","1","2","3","2343",10,10,"Y","Y",1644664200,"Fabrica Main","CD 1",48,"4",20000,"Y","Y","4356"
1644416752,1644389729,1644473799,"SKU0001","D8FB4CB04B38B42C193CBA66","7BF939FB0FE54D3C","BA7B5614C4EC7A6000DEF088","99F296334B0B471B6DD88512","Fabrica Main","1","2","3","2343",10,10,"Y","Y",1644664200,"Fabrica Main","CD 1",48,"4",20000,"Y","Y","4356"
1644417953,1644389729,1644473799,"SKU0001","FAD5CF587C2449931DC96152","810BE74F68845A10","BA7B5614C4EC7A6000DEF088","99F296334B0B471B6DD88512","Fabrica Main","1","2","3","2343",10,10,"Y","Y",1644664200,"Fabrica Main","CD 1",48,"4",20000,"Y","Y","4356"
1644419154,1644389729,1644473799,"SKU0001","04D3030512C3786845F67FF5","25A971D4869223BB","BA7B5614C4EC7A6000DEF088","99F296334B0B471B6DD88512","Fabrica Main","1","2","3","2343",10,10,"Y","Y",1644664200,"Fabrica Main","CD 1",48,"4",20000,"Y","Y","4356"
1644420355,1644389729,1644473799,"SKU0001","86FED411A54F1B3F15AFC7D2","B355021AD9E8D095","BA7B5614C4EC7A6000DEF088","99F296334B0B471B6DD88512","Fabrica Main","1","2","3","2343",10,10,"Y","Y",1644664200,"Fabrica Main","CD 1",48,"4",20000,"Y","Y","4356"
1644421556,1644389729,1644473799,"SKU0001","672AF81F1DE70691F92CB4FE","94FF946108483639","BA7B5614C4EC7A6000DEF088","99F296334B0B471B6DD88512","Fabrica Main","1","2","3","2343",10,10,"Y","Y",1644664200,"Fabrica Main","CD 1",48,"4",20000,"Y","Y","4356"
1644422757,1644389729,1644473799,"SKU0001","A58B43CFFEFC4DF7B377AFB9","BDE34C188B756E20","BA7B5614C4EC7A6000DEF088","99F296334B0B471B6DD88512","Fabrica Main","1","2","3","2343",10,10,"Y","Y",1644664200,"Fabrica Main","CD 1",48,"4",20000,"Y","Y","4356"
1644423958,1644389729,1644473799,"SKU0001","D59B103A45FD4787BFD7D91A","76EB1675581C4947","BA7B5614C4EC7A6000DEF088","99F296334B0B471B6DD88512","Fabrica Main","1","2","3","2343",10,10,"Y","Y",1644664200,"Fabrica Main","CD 1",48,"4",20000,"Y","Y","4356"
1644425159,1644389729,1644473799,"SKU0001","74E6C538CBBF0185131C07CA","D6EA03B41C250A79","1056D5D2216C93D268024280","99F296334B0B471B6DD88512","Fabrica Main","1","2","3","2343",10,10,"Y","Y",1644664200,"Fabrica Main","CD 1",48,"4",20000,"Y","Y","4356"
1644426360,1644389729,1644473799,"SKU0001","1F2EB7932869E182EC3C4336","128FB0F50498CF66","1056D5D2216C93D268024280","99F296334B0B471B6DD88512","Fabrica Main","1","2","3","2343",10,10,"Y","Y",1644664200,"Fabrica Main","CD 1",48,"4",20000,"Y","Y","4356"
1644427561,1644401739,1644473799,"SKU0001","BC1830477FB9FCF890A36977","E7F9E7D9C57CB9F4","1056D5D2216C93D268024280","99F296334B0B471B6DD88512","Fabrica Main","1","2","3","2343",10,10,"Y","Y",1644664200,"Fabrica Main","CD 1",48,"4",20000,"Y","Y","4356"
1644428762,1644401739,1644473799,"SKU0001","40999CC19AF1CACB5AC93871","6A79799164886DBC","1056D5D2216C93D268024280","99F296334B0B471B6DD88512","Fabrica Main","1","2","3","2343",10,10,"Y","Y",1644664200,"Fabrica Main","CD 1",48,"4",20000,"Y","Y","4356"
1644429963,1644401739,1644473799,"SKU0001","65C20A6959366FF65462BFCC","16AF74579B29C9A3","1056D5D2216C93D268024280","99F296334B0B471B6DD88512","Fabrica Main","1","2","3","2343",10,10,"Y","Y",1644664200,"Fabrica Main","CD 1",48,"4",20000,"Y","Y","4356"
1644431164,1644401739,1644473799,"SKU0001","D53A0C3CCCC3AE4BDECA9267","F7A21086C094287D","1056D5D2216C93D268024280","99F296334B0B471B6DD88512","Fabrica Main","1","2","3","2343",10,10,"Y","Y",1644664200,"Fabrica Main","CD 1",48,"4",20000,"Y","Y","4356"
1644432365,1644401739,1644473799,"SKU0001","40D4B94961778A6BF54ED212","05280EBCD4E3689D","1056D5D2216C93D268024280","99F296334B0B471B6DD88512","Fabrica Main","1","2","3","2343",10,10,"Y","Y",1644664200,"Fabrica Main","CD 1",48,"4",20000,"Y","Y","4356"
1644433566,1644401739,1644473799,"SKU0001","631EFB8F90BF535E6E006DEB","7AE0D4613684E4F3","1056D5D2216C93D268024280","99F296334B0B471B6DD88512","Fabrica Main","1","2","3","2343",10,10,"Y","Y",1644664200,"Fabrica Main","CD 1",48,"4",20000,"Y","Y","4356"
1644434767,1644401739,1644473799,"SKU0001","E38DBA3D2EDE0BD674439A39","D0DFB2DE316EE8C3","1056D5D2216C93D268024280","99F296334B0B471B6DD88512","Fabrica Main","1","2","3","2343",10,10,"Y","Y",1644664200,"Fabrica Main","CD 1",48,"4",20000,"Y","Y","4356"
1644435968,1644401739,1644473799,"SKU0001","3F1F976C1B516DB8151F9B95","7A0ABF32494C52EC","1056D5D2216C93D268024280","99F296334B0B471B6DD88512","Fabrica Main","1","2","3","2343",10,10,"Y","Y",1644664200,"Fabrica Main","CD 1",48,"4",20000,"Y","Y","4356"
1644437169,1644401739,1644473799,"SKU0001","89B403D0EB023C61D6CB16C4","61AE14399CBC48CD","32B75D0431AB0D02EBC2E5F8","99F296334B0B471B6DD88512","Fabrica Main","1","2","3","2343",10,10,"Y","Y",1644664200,"Fabrica Main","CD 1",48,"4",20000,"Y","Y","4356"
1644438370,1644401739,1644473799,"SKU0001","5A27E2163BDC7A415DEC29C7","ED453A31C4423FE5","32B75D0431AB0D02EBC2E5F8","99F296334B0B471B6DD88512","Fabrica Main","1","2","3","2343",10,10,"Y","Y",1644664200,"Fabrica Main","CD 1",48,"4",20000,"Y","Y","4356"
1644439571,1644401739,1644473799,"SKU0001","56DF5ED8AD8C34FEA1A6ADB3","4C346E8DBA4646E7","32B75D0431AB0D02EBC2E5F8","99F296334B0B471B6DD88512","Fabrica Main","1","2","3","2343",10,10,"Y","Y",1644664200,"Fabrica Main","CD 1",48,"4",20000,"Y","Y","4356"
1644440772,1644413749,1644473799,"SKU0001","CEDB59644B9677B49035DB18","D19D0BE6766EECEB","32B75D0431AB0D02EBC2E5F8","99F296334B0B471B6DD88512","Fabrica Main","1","2","3","2343",10,10,"Y","Y",1644664200,"Fabrica Main","CD 1",48,"4",20000,"Y","Y","4356"
1644441973,1644413749,1644473799,"SKU0001","6DB78C98390A4446CCB74F10","E7B514FEF0C66BDA","32B75D0431AB0D02EBC2E5F8","99F296334B0B471B6DD88512","Fabrica Main","1","2","3","2343",10,10,"Y","Y",1644664200,"Fabrica Main","CD 1",48,"4",20000,"Y","Y","4356"
1644443174,1644413749,1644473799,"SKU0001","C66A54C7BD7E9511249051CE","9E0DCD0C33614969","32B75D0431AB0D02EBC2E5F8","99F296334B0B471B6DD88512","Fabrica Main","1","2","3","2343",10,10,"Y","Y",1644664200,"Fabrica Main","CD 1",48,"4",20000,"Y","Y","4356"
1644444375,1644413749,1644473799,"SKU0001","9C8035143E9B25B541BC72FC","E7623E92BFE45C19","32B75D0431AB0D02EBC2E5F8","99F296334B0B471B6DD88512","Fabrica Main","1","2","3","2343",10,10,"Y","Y",1644664200,"Fabrica Main","CD 1",48,"4",20000,"Y","Y","4356"
1644445576,1644413749,1644473799,"SKU0001","C9A0F9292EEB6909D90DABB9","B57A6D78AFA921B1","32B75D0431AB0D02EBC2E5F8","99F296334B0B471B6DD88512","Fabrica Main","1","2","3","2343",10,10,"Y","Y",1644664200,"Fabrica Main","CD 1",48,"4",20000,"Y","Y","4356"
1644446777,1644413749,1644473799,"SKU0001","B595F16B4AADEAE669A5107C","77E31B116CD0F416","32B75D0431AB0D02EBC2E5F8","99F296334B0B471B6DD88512","Fabrica Main","1","2","3","2343",10,10,"Y","Y",1644664200,"Fabrica Main","CD 1",48,"4",20000,"Y","Y","4356"
1644447978,1644413749,1644473799,"SKU0001","A1F0A2984FE7180571FB144C","8BF46B4FCCEB085B","32B75D0431AB0D02EBC2E5F8","99F296334B0B471B6DD88512","Fabrica Main","1","2","3","2343",10,10,"Y","Y",1644664200,"Fabrica Main","CD 1",48,"4",20000,"Y","Y","4356"
1644449179,1644413749,1644473799,"SKU0001","FFC02F77EB00A2B56984677A","CCE3F58F27C1394C","421EFDEEE0094C8037C91162","99F296334B0B471B6DD88512","Fabrica Main","1","2","3","2343",10,10,"Y","Y",1644664200,"Fabrica Main","CD 1",48,"4",20000,"Y","Y","4356"
1644450380,1644413749,1644473799,"SKU0001","396BCAD097C980C022867EAC","152114F928DB7A71","421EFDEEE0094C8037C91162","99F296334B0B471B6DD88512","Fabrica Main","1","2","3","2343",10,10,"Y","Y",1644664200,"Fabrica Main","CD 1",48,"4",20000,"Y","Y","4356"
1644451581,1644413749,1644473799,"SKU0001","7963AFFFB30E30D1EA7AF402","440F6DA6E1810C7A","421EFDEEE0094C8037C91162","99F296334B0B471B6DD88512","Fabrica Main","1","2","3","2343",10,10,"Y","Y",1644664200,"Fabrica Main","CD 1",48,"4",20000,"Y","Y","4356"
1644452782,1644413749,1644473799,"SKU0001","C0B0E8AC665F35468A8C7AB0","6958265FB995CAB9","421EFDEEE0094C8037C91162","99F296334B0B471B6DD88512","Fabrica Main","1","2","3","2343",10,10,"Y","Y",1644664200,"Fabrica Main","CD 1",48,"4",20000,"Y","Y","4356"
1644453983,1644425759,1644473799,"SKU0001","C073ECF8819B3030EF427233","B1933104E7E51FA4","421EFDEEE0094C8037C91162","99F296334B0B471B6DD88512","Fabrica Main","1","2","3","2343",10,10,"Y","Y",1644664200,"Fabrica Main","CD 1",48,"4",20000,"Y","Y","4356"
1644455184,1644425759,1644473799,"SKU0001","0808667079D12F56E50E3C39","B0C445A7F99755A6","421EFDEEE0094C8037C91162","99F296334B0B471B6DD88512","Fabrica Main","1","2","3","2343",10,10,"Y","Y",1644664200,"Fabrica Main","CD 1",48,"4",20000,"Y","Y","4356"
1644456385,1644425759,1644473799,"SKU0001","A1558554EA033E3F97B29369","40D32864BC2F7E80","421EFDEEE0094C8037C91162","99F296334B0B471B6DD88512","Fabrica Main","1","2","3","2343",10,10,"Y","Y",1644664200,"Fabrica Main","CD 1",48,"4",20000,"Y","Y","4356"
1644457586,1644425759,1644473799,"SKU0001","289DE0DEDF9D9B8A8655B574","A825129486D05AEF","421EFDEEE0094C8037C91162","99F296334B0B471B6DD88512","Fabrica Main","1","2","3","2343",10,10,"Y","Y",1644664200,"Fabrica Main","CD 1",48,"4",20000,"Y","Y","4356"
1644458787,1644425759,1644473799,"SKU0001","45E03270055A62532E1411DE","46C48F9B6C35A14A","421EFDEEE0094C8037C91162","99F296334B0B471B6DD88512","Fabrica Main","1","2","3","2343",10,10,"Y","Y",1644664200,"Fabrica Main","CD 1",48,"4",20000,"Y","Y","4356"
1644459988,1644425759,1644473799,"SKU0001","07D4BF3F950DFEF6853FFD76","0067C7D61362D928","421EFDEEE0094C8037C91162","99F296334B0B471B6DD88512","Fabrica Main","1","2","3","2343",10,10,"Y","Y",1644664200,"Fabrica Main","CD 1",48,"4",20000,"Y","Y","4356"
1644461189,1644425759,1644473799,"SKU0001","C8075BEEAEF87D032FE869FE","ABB07BEC8234FB49","DD65CDC8B360FFA04FE3C6E9","99F296334B0B471B6DD88512","Fabrica Main","1","2","3","2343",10,10,"Y","Y",1644664200,"Fabrica Main","CD 1",48,"4",20000,"Y","Y","4356"
1644462390,1644425759,1644473799,"SKU0001","5DCF2D6D245007195C87F53D","2187B2A3219B2CA4","DD65CDC8B360FFA04FE3C6E9","99F296334B0B471B6DD88512","Fabrica Main","1","2","3","2343",10,10,"Y","Y",1644664200,"Fabrica Main","CD 1",48,"4",20000,"Y","Y","4356"
1644463591,1644425759,1644473799,"SKU0001","316A4B863CB9165F89942887","5201B87DDB706235","DD65CDC8B360FFA04FE3C6E9","99F296334B0B471B6DD88512","Fabrica Main","1","2","3","2343",10,10,"Y","Y",1644664200,"Fabrica Main","CD 1",48,"4",20000,"Y","Y","4356"
1644464792,1644425759,1644473799,"SKU0001","EE52CCA64D6E177B1AC65C63","2D00A9D9747AB9CB","DD65CDC8B360FFA04FE3C6E9","99F296334B0B471B6DD88512","Fabrica Main","1","2","3","2343",10,10,"Y","Y",1644664200,"Fabrica Main","CD 1",48,"4",20000,"Y","Y","4356"
1644465993,1644425759,1644473799,"SKU0001","58678B98F9CD3E0B045BD747","B117371111D407BB","DD65CDC8B360FFA04FE3C6E9","99F296334B0B471B6DD88512","Fabrica Main","1","2","3","2343",10,10,"Y","Y",1644664200,"Fabrica Main","CD 1",48,"4",20000,"Y","Y","4356"
1644467194,1644437769,1644473799,"SKU0001","2C5FD6CE215618A03254B220","B089B05BF134D987","DD65CDC8B360FFA04FE3C6E9","99F296334B0B471B6DD88512","Fabrica Main","1","2","3","2343",10,10,"Y","Y",1644664200,"Fabrica Main","CD 1",48,"4",20000,"Y","Y","4356"
1644468395,1644437769,1644473799,"SKU0001","08D470482DAE8750068D888D","41741A8270BA2CA7","DD65CDC8B360FFA04FE3C6E9","99F296334B0B471B6DD88512","Fabrica Main","1","2","3","2343",10,10,"Y","Y",1644664200,"Fabrica Main","CD 1",48,"4",20000,"Y","Y","4356"
1644469596,1644437769,1644473799,"SKU0001","D2339ECDCC9079A4855F242D","9D3CCB3913CCE0A5","DD65CDC8B360FFA04FE3C6E9","99F296334B0B471B6DD88512","Fabrica Main","1","2","3","2343",10,10,"Y","Y",1644664200,"Fabrica Main","CD 1",48,"4",20000,"Y","Y","4356"
1644470797,1644437769,1644473799,"SKU0001","28610D47130E0C0846B9B3D4","EE5765B5653694C3","DD65CDC8B360FFA04FE3C6E9","99F296334B0B471B6DD88512","Fabrica Main","1","2","3","2343",10,10,"Y","Y",1644664200,"Fabrica Main","CD 1",48,"4",20000,"Y","Y","4356"
1644471998,1644437769,1644473799,"SKU0001","405C8C9D9A4C331FF4CD03A1","61E7E0FA4789A818","DD65CDC8B360FFA04FE3C6E9","99F296334B0B471B6DD88512","Fabrica Main","1","2","3","2343",10,10,"Y","Y",1644664200,"Fabrica Main","CD 1",48,"4",20000,"Y","Y","4356"
