"timestamp_pallet_out","prod_id","rfid_id","qr_id","rfid_id_box","rfid_id_pallet","destiny_id","order_id","timeest","price","nperbox","nperpallet","timestamp_wh","user_id","tag_goodread_wh","tag_loc_goodread_wh"
1644498600,"SKU0001","EB188BEA9BF4691A6A2E27E2","C6670A68845EF9BC","C0A8A50CA43B0B20E199BCBC","E9AB896AA4119EA11434E947","CD 1","1234",48,10000,10,10,1644922860,"Ourofino_1","Y","Y"
1644498600,"SKU0001","E169193A94E54581F8754F83","7802597A08BC7CF1","CBE04F431C9E338EAD3A0C11","E9AB896AA4119EA11434E947","CD 1","1234",48,10000,10,10,1644922860,"Ourofino_1","Y","Y"
1644498600,"SKU0001","CA7CB6BB3A4B9EDCBA7A4DE3","0ADD2B69D979BD31","CBE04F431C9E338EAD3A0C11","E9AB896AA4119EA11434E947","CD 1","1234",48,10000,10,10,1644922860,"Ourofino_1","Y","Y"
1644498600,"SKU0001","1C0704C26A3307141E1E291D","10041220A0415202","CBE04F431C9E338EAD3A0C11","E9AB896AA4119EA11434E947","CD 1","1234",48,10000,10,10,1644922860,"Ourofino_1","Y","Y"
1644498600,"SKU0001","31AD22AAAF9FC4028B7CAAD4","8C0780CAAA6782D1","2122A309C26C7812A17C5981","E9AB896AA4119EA11434E947","CD 1","1234",48,10000,10,10,1644922860,"Ourofino_1","Y","Y"
1644498600,"SKU0001","F793A69316CFDB74C0086B0F","1E29A1C4828050C0","2122A309C26C7812A17C5981","E9AB896AA4119EA11434E947","CD 1","1234",48,10000,10,10,1644922860,"Ourofino_1","Y","Y"
1644498600,"SKU0001","720E3D259D2A12D4A9D627BC","6D98A74B31F3E007","2122A309C26C7812A17C5981","E9AB896AA4119EA11434E947","CD 1","1234",48,10000,10,10,1644922860,"Ourofino_1","Y","Y"
1644498600,"SKU0001","E067F1C90669E4F01709BB4C","A252B56D3B92DBA9","2122A309C26C7812A17C5981","E9AB896AA4119EA11434E947","CD 1","1234",48,10000,10,10,1644922860,"Ourofino_1","Y","Y"
1644498600,"SKU0001","98917C6393C385FF84C33A61","B9CA0D66A7638AF0","2122A309C26C7812A17C5981","E9AB896AA4119EA11434E947","CD 1","1234",48,10000,10,10,1644922860,"Ourofino_1","Y","Y"
1644498600,"SKU0001","93B536429FFD8908F0DED598","01EC8B066105698E","2122A309C26C7812A17C5981","E9AB896AA4119EA11434E947","CD 1","1234",48,10000,10,10,1644922860,"Ourofino_1","Y","Y"
1644498600,"SKU0001","53B82542594CEE05808238FA","3C210D2242A8C962","2122A309C26C7812A17C5981","E9AB896AA4119EA11434E947","CD 1","1234",48,10000,10,10,1644922860,"Ourofino_1","Y","Y"
1644498600,"SKU0001","AA8D6E9C5DFCD2A63C70A311","C4402A320EAEB561","2122A309C26C7812A17C5981","E9AB896AA4119EA11434E947","CD 1","1234",48,10000,10,10,1644922860,"Ourofino_1","Y","Y"
1644498600,"SKU0001","0E7ED4CAB2766CD600D3CCE0","677233B776063306","2122A309C26C7812A17C5981","E9AB896AA4119EA11434E947","CD 1","1234",48,10000,10,10,1644922860,"Ourofino_1","Y","Y"
1644498600,"SKU0001","D2940C67E6A339F44D05CC81","96128330F0B99A16","2122A309C26C7812A17C5981","E9AB896AA4119EA11434E947","CD 1","1234",48,10000,10,10,1644922860,"Ourofino_1","Y","Y"
1644498600,"SKU0001","79227C141DAAAB9C6430E2C2","CEBDFE80A2492FF5","B277B4C358C4C3F787FA0422","E9AB896AA4119EA11434E947","CD 1","1234",48,10000,10,10,1644922860,"Ourofino_1","Y","Y"
1644498600,"SKU0001","0D2F89AA526303715F0F1F63","2A12AE062ACF8DD6","B277B4C358C4C3F787FA0422","E9AB896AA4119EA11434E947","CD 1","1234",48,10000,10,10,1644922860,"Ourofino_1","Y","Y"
1644498600,"SKU0001","261249389451BBE2400A4043","5E3AD45DDA7EF122","B277B4C358C4C3F787FA0422","E9AB896AA4119EA11434E947","CD 1","1234",48,10000,10,10,1644922860,"Ourofino_1","Y","Y"
1644498600,"SKU0001","350E2106B0B5FB0C4A254B48","5EFD0831FDC60554","B277B4C358C4C3F787FA0422","E9AB896AA4119EA11434E947","CD 1","1234",48,10000,10,10,1644922860,"Ourofino_1","Y","Y"
1644498600,"SKU0001","44D6317B4BDCA4C9819D3C1D","300732F912978FAE","B277B4C358C4C3F787FA0422","E9AB896AA4119EA11434E947","CD 1","1234",48,10000,10,10,1644922860,"Ourofino_1","Y","Y"
1644498600,"SKU0001","ED7BB694D8CAFFB3FFA5C363","E94810357B2DDDEE","B277B4C358C4C3F787FA0422","E9AB896AA4119EA11434E947","CD 1","1234",48,10000,10,10,1644922860,"Ourofino_1","Y","Y"
1644498600,"SKU0001","C92C3EB1D02C17D833E5260E","E44040215FDCD981","B277B4C358C4C3F787FA0422","E9AB896AA4119EA11434E947","CD 1","1234",48,10000,10,10,1644922860,"Ourofino_1","Y","Y"
1644498600,"SKU0001","1D94A38A2D3F5F376D44D139","9BD72B3D0009C808","B277B4C358C4C3F787FA0422","E9AB896AA4119EA11434E947","CD 1","1234",48,10000,10,10,1644922860,"Ourofino_1","Y","Y"
1644498600,"SKU0001","572C2AF82D5BCA7C21856B44","FC5CE31E2A0386B8","CBE04F431C9E338EAD3A0C11","E9AB896AA4119EA11434E947","CD 1","1234",48,10000,10,10,1644922860,"Ourofino_1","Y","Y"
1644498600,"SKU0001","333FDAB9E000C669C50EF134","8419891402534983","CBE04F431C9E338EAD3A0C11","E9AB896AA4119EA11434E947","CD 1","1234",48,10000,10,10,1644922860,"Ourofino_1","Y","Y"
1644498600,"SKU0001","C16267EA03A73B3448A919F7","1AC76BF09A58D492","CBE04F431C9E338EAD3A0C11","E9AB896AA4119EA11434E947","CD 1","1234",48,10000,10,10,1644922860,"Ourofino_1","Y","Y"
1644498600,"SKU0001","C2C7CA9315A552398B98B5C3","BD02C199FD2A5E9C","CBE04F431C9E338EAD3A0C11","E9AB896AA4119EA11434E947","CD 1","1234",48,10000,10,10,1644922860,"Ourofino_1","Y","Y"
1644498600,"SKU0001","33B3B10CAD601E567D58E0F9","8E6A39377A698549","14C75AD976FCF0D885A82769","E9AB896AA4119EA11434E947","CD 1","1234",48,10000,10,10,1644922860,"Ourofino_1","Y","Y"
1644498600,"SKU0001","DCE2B3BDA8CAE2A3F3251BFE","D3F6FCF91495258E","14C75AD976FCF0D885A82769","E9AB896AA4119EA11434E947","CD 1","1234",48,10000,10,10,1644922860,"Ourofino_1","Y","Y"
1644498600,"SKU0001","76701368E8718E49127EF9FC","1881281E763D058B","14C75AD976FCF0D885A82769","E9AB896AA4119EA11434E947","CD 1","1234",48,10000,10,10,1644922860,"Ourofino_1","Y","Y"
1644498600,"SKU0001","816292F18A1D27A01072C3F1","57C0583099570CA5","14C75AD976FCF0D885A82769","E9AB896AA4119EA11434E947","CD 1","1234",48,10000,10,10,1644922860,"Ourofino_1","Y","Y"
1644498600,"SKU0001","C84F6CE5AB48E4988715FEB7","165C816362DF18E9","14C75AD976FCF0D885A82769","E9AB896AA4119EA11434E947","CD 1","1234",48,10000,10,10,1644922860,"Ourofino_1","Y","Y"
1644498600,"SKU0001","D005992DA6BB7AC5C7FE4798","A52FF2DE12DB4FD0","14C75AD976FCF0D885A82769","E9AB896AA4119EA11434E947","CD 1","1234",48,10000,10,10,1644922860,"Ourofino_1","Y","Y"
1644498600,"SKU0001","528435DB586CA4934D79CF41","830B2A24BE0B8672","14C75AD976FCF0D885A82769","E9AB896AA4119EA11434E947","CD 1","1234",48,10000,10,10,1644922860,"Ourofino_1","Y","Y"
1644498600,"SKU0001","1D3493F88A2DDD26F1F91CCE","7A3EAA2866F2C746","14C75AD976FCF0D885A82769","E9AB896AA4119EA11434E947","CD 1","1234",48,10000,10,10,1644922860,"Ourofino_1","Y","Y"
1644498600,"SKU0001","D1C8238EE6792823926E627A","EEFD8254C0F45B2C","14C75AD976FCF0D885A82769","E9AB896AA4119EA11434E947","CD 1","1234",48,10000,10,10,1644922860,"Ourofino_1","Y","Y"
1644498600,"SKU0001","9B2D803BCB1AE822956454D0","2E334A9417F3C949","413DF3D26B2B7DAB02828A46","E9AB896AA4119EA11434E947","CD 1","1234",48,10000,10,10,1644922860,"Ourofino_1","Y","Y"
1644498600,"SKU0001","B681E3156998194422CECCD0","79D4FAF0621E05ED","B277B4C358C4C3F787FA0422","E9AB896AA4119EA11434E947","CD 1","1234",48,10000,10,10,1644922860,"Ourofino_1","Y","Y"
1644498600,"SKU0001","DBAE161DB871659F39E55776","5D4CD031E00547AC","413DF3D26B2B7DAB02828A46","E9AB896AA4119EA11434E947","CD 1","1234",48,10000,10,10,1644922860,"Ourofino_1","Y","Y"
1644498600,"SKU0001","254F64102A29F61EEF33BDB0","0FA6AC59DA75A1FD","413DF3D26B2B7DAB02828A46","E9AB896AA4119EA11434E947","CD 1","1234",48,10000,10,10,1644922860,"Ourofino_1","Y","Y"
1644498600,"SKU0001","B950C740A74D3579AA296605","AA0EBFC6263F79E7","413DF3D26B2B7DAB02828A46","E9AB896AA4119EA11434E947","CD 1","1234",48,10000,10,10,1644922860,"Ourofino_1","Y","Y"
1644498600,"SKU0001","45382DDE2DB13B6CA12B298F","35E5E674FB82A929","413DF3D26B2B7DAB02828A46","E9AB896AA4119EA11434E947","CD 1","1234",48,10000,10,10,1644922860,"Ourofino_1","Y","Y"
1644498600,"SKU0001","9BF5A2164BA118910986236E","611549EFCFC00975","413DF3D26B2B7DAB02828A46","E9AB896AA4119EA11434E947","CD 1","1234",48,10000,10,10,1644922860,"Ourofino_1","Y","Y"
1644498600,"SKU0001","07D70E1E826CBFA508E5FF1E","ED6C2AF021CC3FAB","413DF3D26B2B7DAB02828A46","E9AB896AA4119EA11434E947","CD 1","1234",48,10000,10,10,1644922860,"Ourofino_1","Y","Y"
1644498600,"SKU0001","88773D337E677DE7C1EAD82B","2EDDA2A606270350","413DF3D26B2B7DAB02828A46","E9AB896AA4119EA11434E947","CD 1","1234",48,10000,10,10,1644922860,"Ourofino_1","Y","Y"
1644498600,"SKU0001","4DBE54A532D4CA1399E4E04D","6F34BFE0CB17CB07","413DF3D26B2B7DAB02828A46","E9AB896AA4119EA11434E947","CD 1","1234",48,10000,10,10,1644922860,"Ourofino_1","Y","Y"
1644498600,"SKU0001","2379884BE453EB4034BB0E8D","179E0A61958651DE","CBE04F431C9E338EAD3A0C11","E9AB896AA4119EA11434E947","CD 1","1234",48,10000,10,10,1644922860,"Ourofino_1","Y","Y"
1644498600,"SKU0001","01D04A8728FC8266ABEC6C16","4FDAB8BEB61600CF","CBE04F431C9E338EAD3A0C11","E9AB896AA4119EA11434E947","CD 1","1234",48,10000,10,10,1644922860,"Ourofino_1","Y","Y"
1644498600,"SKU0001","C5F68893B2D4178ECBCD2323","D1999702D9DDD830","CBE04F431C9E338EAD3A0C11","E9AB896AA4119EA11434E947","CD 1","1234",48,10000,10,10,1644922860,"Ourofino_1","Y","Y"
1644498600,"SKU0001","39A902E04A13A456A6515A89","6376FE0B81C1AB11","413DF3D26B2B7DAB02828A46","E9AB896AA4119EA11434E947","CD 1","1234",48,10000,10,10,1644922860,"Ourofino_1","Y","Y"
1644498600,"SKU0001","0984F49BA28C4311C5AB1960","F44005349718F01F","B277B4C358C4C3F787FA0422","E9AB896AA4119EA11434E947","CD 1","1234",48,10000,10,10,1644922860,"Ourofino_1","Y","Y"
1644498600,"SKU0001","5CF0738B9F7F184507ED6105","D10656EDCE050F14","14C75AD976FCF0D885A82769","E9AB896AA4119EA11434E947","CD 1","1234",48,10000,10,10,1644922860,"Ourofino_1","Y","Y"
1644498600,"SKU0001","7CA822BC067924B051A985F0","10020DB1166F7433","D040840E60E6099A43F229DF","E9AB896AA4119EA11434E947","CD 1","1234",48,10000,10,10,1644922860,"Ourofino_1","Y","Y"
1644498600,"SKU0001","9C5DEAF908EF1565E1571D9A","9062BD831C04C340","7ADF33ADEDBB6A669978497A","E9AB896AA4119EA11434E947","CD 1","1234",48,10000,10,10,1644922860,"Ourofino_1","Y","Y"
1644498600,"SKU0001","D31D3042B47D2779D955184C","A3629AA89E041641","7ADF33ADEDBB6A669978497A","E9AB896AA4119EA11434E947","CD 1","1234",48,10000,10,10,1644922860,"Ourofino_1","Y","Y"
1644498600,"SKU0001","73623ADAFFC7DF5334ACFC9D","5BADB4F8E8E9E8D1","0BE45CCBCCDB7D5C623FF23B","E9AB896AA4119EA11434E947","CD 1","1234",48,10000,10,10,1644922860,"Ourofino_1","Y","Y"
1644498600,"SKU0001","6055165C59E2C6DE5C7BD0D2","885118EAA62F0214","0BE45CCBCCDB7D5C623FF23B","E9AB896AA4119EA11434E947","CD 1","1234",48,10000,10,10,1644922860,"Ourofino_1","Y","Y"
1644498600,"SKU0001","CF8D5CA3E94FF01E12E35953","5222214CAFE05E84","0BE45CCBCCDB7D5C623FF23B","E9AB896AA4119EA11434E947","CD 1","1234",48,10000,10,10,1644922860,"Ourofino_1","Y","Y"
1644498600,"SKU0001","BB464ECB5F506163D717BBDF","709CF3D1828294A6","0BE45CCBCCDB7D5C623FF23B","E9AB896AA4119EA11434E947","CD 1","1234",48,10000,10,10,1644922860,"Ourofino_1","Y","Y"
1644498600,"SKU0001","F5EC337076844B79FD4B6AEC","6FECAF7FD2F79BA4","0BE45CCBCCDB7D5C623FF23B","E9AB896AA4119EA11434E947","CD 1","1234",48,10000,10,10,1644922860,"Ourofino_1","Y","Y"
1644498600,"SKU0001","40D69B86D9C6F2B1AC5F6EC2","BD5D5C39E6600825","0BE45CCBCCDB7D5C623FF23B","E9AB896AA4119EA11434E947","CD 1","1234",48,10000,10,10,1644922860,"Ourofino_1","Y","Y"
1644498600,"SKU0001","DAD88FF33ED666BB9F2AE765","DDF426D198401792","0BE45CCBCCDB7D5C623FF23B","E9AB896AA4119EA11434E947","CD 1","1234",48,10000,10,10,1644922860,"Ourofino_1","Y","Y"
1644498600,"SKU0001","130E9A0589A20F1512E336A4","D658E85136628741","0BE45CCBCCDB7D5C623FF23B","E9AB896AA4119EA11434E947","CD 1","1234",48,10000,10,10,1644922860,"Ourofino_1","Y","Y"
1644498600,"SKU0001","23FF87E3F6257CB9430E2011","8082545B3FE45AED","0BE45CCBCCDB7D5C623FF23B","E9AB896AA4119EA11434E947","CD 1","1234",48,10000,10,10,1644922860,"Ourofino_1","Y","Y"
1644498600,"SKU0001","E6E916EC2CD9497538B1358A","0A0C3037AE189FFC","C0A8A50CA43B0B20E199BCBC","E9AB896AA4119EA11434E947","CD 1","1234",48,10000,10,10,1644922860,"Ourofino_1","Y","Y"
1644498600,"SKU0001","D7F312087114FBE688805703","62641B141B0610EF","C0A8A50CA43B0B20E199BCBC","E9AB896AA4119EA11434E947","CD 1","1234",48,10000,10,10,1644922860,"Ourofino_1","Y","Y"
1644498600,"SKU0001","83A35CDD72D4C2F88C50CA4B","4C4102CB8C09DC89","C0A8A50CA43B0B20E199BCBC","E9AB896AA4119EA11434E947","CD 1","1234",48,10000,10,10,1644922860,"Ourofino_1","Y","Y"
1644498600,"SKU0001","4FB53E1F58CFD71FF96DEE06","65E27DDD423D0901","C0A8A50CA43B0B20E199BCBC","E9AB896AA4119EA11434E947","CD 1","1234",48,10000,10,10,1644922860,"Ourofino_1","Y","Y"
1644498600,"SKU0001","1816C7CF7ECFBE98D6F63AC4","9F9570EA5E3B1249","C0A8A50CA43B0B20E199BCBC","E9AB896AA4119EA11434E947","CD 1","1234",48,10000,10,10,1644922860,"Ourofino_1","Y","Y"
1644498600,"SKU0001","348C09F44C77EBC2AF31C96F","B5359AAE34B8937B","C0A8A50CA43B0B20E199BCBC","E9AB896AA4119EA11434E947","CD 1","1234",48,10000,10,10,1644922860,"Ourofino_1","Y","Y"
1644498600,"SKU0001","90C91E456F9D1BCC626396C4","D412D257106E5097","C0A8A50CA43B0B20E199BCBC","E9AB896AA4119EA11434E947","CD 1","1234",48,10000,10,10,1644922860,"Ourofino_1","Y","Y"
1644498600,"SKU0001","75AD733414F2198F6CD2CDCE","9BF13863AA29AB0B","C0A8A50CA43B0B20E199BCBC","E9AB896AA4119EA11434E947","CD 1","1234",48,10000,10,10,1644922860,"Ourofino_1","Y","Y"
1644498600,"SKU0001","CA2A9F17EABDCD4CEA2599BC","E4DF5094F0AC2483","C0A8A50CA43B0B20E199BCBC","E9AB896AA4119EA11434E947","CD 1","1234",48,10000,10,10,1644922860,"Ourofino_1","Y","Y"
1644498600,"SKU0001","342D523BAF1775516BA18014","140A98508EDA6955","D040840E60E6099A43F229DF","E9AB896AA4119EA11434E947","CD 1","1234",48,10000,10,10,1644922860,"Ourofino_1","Y","Y"
1644498600,"SKU0001","76008F01005515D78B57D4FF","593B8C3D13148426","7ADF33ADEDBB6A669978497A","E9AB896AA4119EA11434E947","CD 1","1234",48,10000,10,10,1644922860,"Ourofino_1","Y","Y"
1644498600,"SKU0001","A30AA756819BFD8D131845F3","AF184904807A63FB","7ADF33ADEDBB6A669978497A","E9AB896AA4119EA11434E947","CD 1","1234",48,10000,10,10,1644922860,"Ourofino_1","Y","Y"
1644498600,"SKU0001","012E4A5DC3F871E61C4A51DB","5191CC4EEDD89D5C","0BE45CCBCCDB7D5C623FF23B","E9AB896AA4119EA11434E947","CD 1","1234",48,10000,10,10,1644922860,"Ourofino_1","Y","Y"
1644498600,"SKU0001","3193A2A30670E4398A420B85","CE7D0B5A9F0FB4B2","7ADF33ADEDBB6A669978497A","E9AB896AA4119EA11434E947","CD 1","1234",48,10000,10,10,1644922860,"Ourofino_1","Y","Y"
1644498600,"SKU0001","ACBBBF9EA2A1ACA6FA407CF9","28BCB0D636C6B222","7ADF33ADEDBB6A669978497A","E9AB896AA4119EA11434E947","CD 1","1234",48,10000,10,10,1644922860,"Ourofino_1","Y","Y"
1644498600,"SKU0001","55A479759653CD22342D796C","B5D99848D8686971","D040840E60E6099A43F229DF","E9AB896AA4119EA11434E947","CD 1","1234",48,10000,10,10,1644922860,"Ourofino_1","Y","Y"
1644498600,"SKU0001","E57A9E1820FEFF7CA1D27759","B760418C3DEC7237","D040840E60E6099A43F229DF","E9AB896AA4119EA11434E947","CD 1","1234",48,10000,10,10,1644922860,"Ourofino_1","Y","Y"
1644498600,"SKU0001","C025A3C46C146E7F4A8007D4","A7D8E6C20144452F","D040840E60E6099A43F229DF","E9AB896AA4119EA11434E947","CD 1","1234",48,10000,10,10,1644922860,"Ourofino_1","Y","Y"
1644498600,"SKU0001","6B02B7545E873835E10D67BF","94010586730FC241","D040840E60E6099A43F229DF","E9AB896AA4119EA11434E947","CD 1","1234",48,10000,10,10,1644922860,"Ourofino_1","Y","Y"
1644498600,"SKU0001","F1608183AAEA8EB9D0C69045","D208CEC53FC51540","D040840E60E6099A43F229DF","E9AB896AA4119EA11434E947","CD 1","1234",48,10000,10,10,1644922860,"Ourofino_1","Y","Y"
1644498600,"SKU0001","F69E895C1066D822D6AB6FEF","8F3F6589117603B8","D040840E60E6099A43F229DF","E9AB896AA4119EA11434E947","CD 1","1234",48,10000,10,10,1644922860,"Ourofino_1","Y","Y"
1644498600,"SKU0001","A92EC92D3DE93E3137C5B61B","B65B9A3A0303048D","50A041F0A6C6561B5ECC5A71","E9AB896AA4119EA11434E947","CD 1","1234",48,10000,10,10,1644922860,"Ourofino_1","Y","Y"
1644498600,"SKU0001","0B7D3B9FBD8A02BCE0DCF397","05E097196E7CD411","50A041F0A6C6561B5ECC5A71","E9AB896AA4119EA11434E947","CD 1","1234",48,10000,10,10,1644922860,"Ourofino_1","Y","Y"
1644498600,"SKU0001","194D6E5AF236855625FFFCE1","96D5DE159C14BF60","50A041F0A6C6561B5ECC5A71","E9AB896AA4119EA11434E947","CD 1","1234",48,10000,10,10,1644922860,"Ourofino_1","Y","Y"
1644498600,"SKU0001","272CBB8BEBF6E89D10B33C4E","0975AC98D274E115","50A041F0A6C6561B5ECC5A71","E9AB896AA4119EA11434E947","CD 1","1234",48,10000,10,10,1644922860,"Ourofino_1","Y","Y"
1644498600,"SKU0001","F998E731F56D891D42BCA1F7","A560E01DF21C908A","D040840E60E6099A43F229DF","E9AB896AA4119EA11434E947","CD 1","1234",48,10000,10,10,1644922860,"Ourofino_1","Y","Y"
1644498600,"SKU0001","625AB1D15729FA4907E986AB","864C1671AC88647E","D040840E60E6099A43F229DF","E9AB896AA4119EA11434E947","CD 1","1234",48,10000,10,10,1644922860,"Ourofino_1","Y","Y"
1644498600,"SKU0001","EBC4A8E537FDFA8B8FB97EF8","34CDE436234F3424","50A041F0A6C6561B5ECC5A71","E9AB896AA4119EA11434E947","CD 1","1234",48,10000,10,10,1644922860,"Ourofino_1","Y","Y"
1644498600,"SKU0001","E8C6627823C6DB9E24FA21DD","F0A8CE764121009F","7ADF33ADEDBB6A669978497A","E9AB896AA4119EA11434E947","CD 1","1234",48,10000,10,10,1644922860,"Ourofino_1","Y","Y"
1644498600,"SKU0001","58ABED57DE6F1D83F6ADFB91","4C39E80ADD4DEBEE","7ADF33ADEDBB6A669978497A","E9AB896AA4119EA11434E947","CD 1","1234",48,10000,10,10,1644922860,"Ourofino_1","Y","Y"
1644498600,"SKU0001","A8BB33C5A9A3E5259BDFD5B1","746811C65F37FC40","7ADF33ADEDBB6A669978497A","E9AB896AA4119EA11434E947","CD 1","1234",48,10000,10,10,1644922860,"Ourofino_1","Y","Y"
1644498600,"SKU0001","B0B84F62F9A9DE6AC43DBC53","92D2BCF47BDF1744","50A041F0A6C6561B5ECC5A71","E9AB896AA4119EA11434E947","CD 1","1234",48,10000,10,10,1644922860,"Ourofino_1","Y","Y"
1644498600,"SKU0001","9CD793E20D87827673681985","030CB1CD2998A467","7ADF33ADEDBB6A669978497A","E9AB896AA4119EA11434E947","CD 1","1234",48,10000,10,10,1644922860,"Ourofino_1","Y","Y"
1644498600,"SKU0001","354C966ED74EF2618564163B","FB1A686D71A96A86","50A041F0A6C6561B5ECC5A71","E9AB896AA4119EA11434E947","CD 1","1234",48,10000,10,10,1644922860,"Ourofino_1","Y","Y"
1644498600,"SKU0001","12EAF213A416CF2AD6434883","E430BE09906534C5","50A041F0A6C6561B5ECC5A71","E9AB896AA4119EA11434E947","CD 1","1234",48,10000,10,10,1644922860,"Ourofino_1","Y","Y"
1644498600,"SKU0001","D3ACD71CCA6407477412A23A","023252B5504DA01A","50A041F0A6C6561B5ECC5A71","E9AB896AA4119EA11434E947","CD 1","1234",48,10000,10,10,1644922860,"Ourofino_1","Y","Y"
1644498600,"SKU0001","C50A701854B71ECE7E521E92","4894F8B4787F5EFA","50A041F0A6C6561B5ECC5A71","E9AB896AA4119EA11434E947","CD 1","1234",48,10000,10,10,1644922860,"Ourofino_1","Y","Y"
1644585000,"SKU0002","FAE85EF0F58BE32F4CE570ED","9B7890B43971295C","B7F7E617458DC473DBB86044","7521532C6FBBDC0D601E38A4","CD 1","1234",48,10000,5,10,1644922860,"Ourofino_1","Y","Y"
1644585000,"SKU0002","269EB36E861268F1A63D4771","111B7EC7F0071585","5AD48F9D2C94DD17D18DDCF5","7521532C6FBBDC0D601E38A4","CD 1","1234",48,10000,5,10,1644922860,"Ourofino_1","Y","Y"
1644585000,"SKU0002","AA4FA8AC701E40E7ABF501C1","64954CE9439A6075","5AD48F9D2C94DD17D18DDCF5","7521532C6FBBDC0D601E38A4","CD 1","1234",48,10000,5,10,1644922860,"Ourofino_1","Y","Y"
1644585000,"SKU0002","BE11C659336B1E489B134A4F","8B68ACAA991A6938","3FC0E956DFEE2BB1B725F884","7521532C6FBBDC0D601E38A4","CD 1","1234",48,10000,5,10,1644922860,"Ourofino_1","Y","Y"
1644585000,"SKU0002","A83DAECB38EDF9C135A43B9C","AD1756095E62065F","3FC0E956DFEE2BB1B725F884","7521532C6FBBDC0D601E38A4","CD 1","1234",48,10000,5,10,1644922860,"Ourofino_1","Y","Y"
1644585000,"SKU0002","D894FF5AB290F26267E6EDA8","65D73EB1C05DFAA4","3FC0E956DFEE2BB1B725F884","7521532C6FBBDC0D601E38A4","CD 1","1234",48,10000,5,10,1644922860,"Ourofino_1","Y","Y"
1644585000,"SKU0002","85FC8316949FDA8F7F715A16","9ACE81CF4D0E403D","3FC0E956DFEE2BB1B725F884","7521532C6FBBDC0D601E38A4","CD 1","1234",48,10000,5,10,1644922860,"Ourofino_1","Y","Y"
1644585000,"SKU0002","8B65277BE9C7EF8DBDBEC255","E770455E23670ACF","3FC0E956DFEE2BB1B725F884","7521532C6FBBDC0D601E38A4","CD 1","1234",48,10000,5,10,1644922860,"Ourofino_1","Y","Y"
1644585000,"SKU0002","DFF4300FC340156406B53BFC","F1C316B3451D2F07","B7F7E617458DC473DBB86044","7521532C6FBBDC0D601E38A4","CD 1","1234",48,10000,5,10,1644922860,"Ourofino_1","Y","Y"
1644585000,"SKU0002","8165581ECD7D8485C2FFD581","1D0E1375B147DB6B","B7F7E617458DC473DBB86044","7521532C6FBBDC0D601E38A4","CD 1","1234",48,10000,5,10,1644922860,"Ourofino_1","Y","Y"
1644585000,"SKU0002","D16AC163C57625090E14A187","D5B94D39D561FEE6","8472B88B0F569D2ACD54AD69","7521532C6FBBDC0D601E38A4","CD 1","1234",48,10000,5,10,1644922860,"Ourofino_1","Y","Y"
1644585000,"SKU0002","77462CCC9062E5F48FD5581E","CB091014929BA017","B7F7E617458DC473DBB86044","7521532C6FBBDC0D601E38A4","CD 1","1234",48,10000,5,10,1644922860,"Ourofino_1","Y","Y"
1644585000,"SKU0002","A727CAB7A18C9225BDDF129B","04334325A7C11897","3FEAF81B974835AE71598ED0","7521532C6FBBDC0D601E38A4","CD 1","1234",48,10000,5,10,1644922860,"Ourofino_1","Y","Y"
1644585000,"SKU0002","7DC6776FC06298E0309E8240","7689773880C2A366","3FEAF81B974835AE71598ED0","7521532C6FBBDC0D601E38A4","CD 1","1234",48,10000,5,10,1644922860,"Ourofino_1","Y","Y"
1644585000,"SKU0002","AB9689278BC11B19F48DE15B","AB69CC8800BA81A6","3FEAF81B974835AE71598ED0","7521532C6FBBDC0D601E38A4","CD 1","1234",48,10000,5,10,1644922860,"Ourofino_1","Y","Y"
1644585000,"SKU0002","57CA8471A1F657C997B3A47A","AFD31F67AB9274D6","3FEAF81B974835AE71598ED0","7521532C6FBBDC0D601E38A4","CD 1","1234",48,10000,5,10,1644922860,"Ourofino_1","Y","Y"
1644585000,"SKU0002","393E54C3A3727A764806833F","CE09EBC962CD5C15","3FEAF81B974835AE71598ED0","7521532C6FBBDC0D601E38A4","CD 1","1234",48,10000,5,10,1644922860,"Ourofino_1","Y","Y"
1644585000,"SKU0002","6E50C3CC102F9B34D5826F55","3AD63583D7687340","8472B88B0F569D2ACD54AD69","7521532C6FBBDC0D601E38A4","CD 1","1234",48,10000,5,10,1644922860,"Ourofino_1","Y","Y"
1644585000,"SKU0002","B28B8A871621ED1B8565DA98","D6E7C7B383FCE8BE","8472B88B0F569D2ACD54AD69","7521532C6FBBDC0D601E38A4","CD 1","1234",48,10000,5,10,1644922860,"Ourofino_1","Y","Y"
1644585000,"SKU0002","E7D4437C7B162F141F528691","3EE5BDAD2AF0A144","8472B88B0F569D2ACD54AD69","7521532C6FBBDC0D601E38A4","CD 1","1234",48,10000,5,10,1644922860,"Ourofino_1","Y","Y"
1644585000,"SKU0002","74BCE8DAEFA87D7444B6E758","A5F5D4975C14CBA2","5AD48F9D2C94DD17D18DDCF5","7521532C6FBBDC0D601E38A4","CD 1","1234",48,10000,5,10,1644922860,"Ourofino_1","Y","Y"
1644585000,"SKU0002","0B813AEBE7A25B50DC26F17A","107CF182F63B70AC","B7F7E617458DC473DBB86044","7521532C6FBBDC0D601E38A4","CD 1","1234",48,10000,5,10,1644922860,"Ourofino_1","Y","Y"
1644585000,"SKU0002","0B1BC22265F4074A04BF3732","E3BBF37B874B8E56","5AD48F9D2C94DD17D18DDCF5","7521532C6FBBDC0D601E38A4","CD 1","1234",48,10000,5,10,1644922860,"Ourofino_1","Y","Y"
1644585000,"SKU0002","245DC157F9D8E416889CCE1A","C38AA4FC15AEA166","9704426EB0ED543350C4F095","7521532C6FBBDC0D601E38A4","CD 1","1234",48,10000,5,10,1644922860,"Ourofino_1","Y","Y"
1644585000,"SKU0002","3186F9AD9A99267334A6FFC3","B0F458E777274A69","FB5F8CCCEBB9547F6C4CE9BE","7521532C6FBBDC0D601E38A4","CD 1","1234",48,10000,5,10,1644922860,"Ourofino_1","Y","Y"
1644585000,"SKU0002","243A03CA5371B3E5326C72CA","A8019C524E1F43A5","8472B88B0F569D2ACD54AD69","7521532C6FBBDC0D601E38A4","CD 1","1234",48,10000,5,10,1644922860,"Ourofino_1","Y","Y"
1644585000,"SKU0002","1A8CDFD2BE3F2D9F36721ADB","C9717102B000A863","9704426EB0ED543350C4F095","7521532C6FBBDC0D601E38A4","CD 1","1234",48,10000,5,10,1644922860,"Ourofino_1","Y","Y"
1644585000,"SKU0002","F3DDAE5FEB9D41D006FD5CB8","4C27C5114D86C81E","9704426EB0ED543350C4F095","7521532C6FBBDC0D601E38A4","CD 1","1234",48,10000,5,10,1644922860,"Ourofino_1","Y","Y"
1644585000,"SKU0002","4C0BED196224F20F8A8AFEF1","1F6881628799933D","6B68240700584A1773EF3F26","7521532C6FBBDC0D601E38A4","CD 1","1234",48,10000,5,10,1644922860,"Ourofino_1","Y","Y"
1644585000,"SKU0002","2DDC4B111D5202874FB8418D","9C443583BE2CE1D9","6B68240700584A1773EF3F26","7521532C6FBBDC0D601E38A4","CD 1","1234",48,10000,5,10,1644922860,"Ourofino_1","Y","Y"
1644585000,"SKU0002","599E066EAF64BE6FF332E65D","B15771763FDDFEBF","6B68240700584A1773EF3F26","7521532C6FBBDC0D601E38A4","CD 1","1234",48,10000,5,10,1644922860,"Ourofino_1","Y","Y"
1644585000,"SKU0002","4EFD4D96E80509E6E4BED96C","28BE9FD8B0D4E55C","6B68240700584A1773EF3F26","7521532C6FBBDC0D601E38A4","CD 1","1234",48,10000,5,10,1644922860,"Ourofino_1","Y","Y"
1644585000,"SKU0002","C1A9CD23E504634328008B2E","3E169A6F3B1228C6","6B68240700584A1773EF3F26","7521532C6FBBDC0D601E38A4","CD 1","1234",48,10000,5,10,1644922860,"Ourofino_1","Y","Y"
1644585000,"SKU0002","086BF53F12208F1802CD2762","A23356F2125EE676","5D3CAD5D24106CA607EA199C","7521532C6FBBDC0D601E38A4","CD 1","1234",48,10000,5,10,1644922860,"Ourofino_1","Y","Y"
1644585000,"SKU0002","4719A4E4258CF6B9B9AACBA2","4B0B81D3FE66D318","5D3CAD5D24106CA607EA199C","7521532C6FBBDC0D601E38A4","CD 1","1234",48,10000,5,10,1644922860,"Ourofino_1","Y","Y"
1644585000,"SKU0002","4A9BA448137A8C14B070E9C7","6D7553940B13C595","5AD48F9D2C94DD17D18DDCF5","7521532C6FBBDC0D601E38A4","CD 1","1234",48,10000,5,10,1644922860,"Ourofino_1","Y","Y"
1644585000,"SKU0002","E5F52B5D4D3412E8C6EC7BB3","43747E54C324BEE8","5D3CAD5D24106CA607EA199C","7521532C6FBBDC0D601E38A4","CD 1","1234",48,10000,5,10,1644922860,"Ourofino_1","Y","Y"
1644585000,"SKU0002","E9FD274F10EF136EB9E5754F","319C999E8470AF7F","5D3CAD5D24106CA607EA199C","7521532C6FBBDC0D601E38A4","CD 1","1234",48,10000,5,10,1644922860,"Ourofino_1","Y","Y"
1644585000,"SKU0002","3B0B3F03AB75EBD76C04A64D","6F496C9DB594F658","DA05EE217754B736041B7C72","7521532C6FBBDC0D601E38A4","CD 1","1234",48,10000,5,10,1644922860,"Ourofino_1","Y","Y"
1644585000,"SKU0002","1100342BBD3AC20CB554DB39","F3E8664DC4E5B369","DA05EE217754B736041B7C72","7521532C6FBBDC0D601E38A4","CD 1","1234",48,10000,5,10,1644922860,"Ourofino_1","Y","Y"
1644585000,"SKU0002","B455631E9FC2895272DB3AA0","D83AB84EFF5CD3E5","DA05EE217754B736041B7C72","7521532C6FBBDC0D601E38A4","CD 1","1234",48,10000,5,10,1644922860,"Ourofino_1","Y","Y"
1644585000,"SKU0002","1D6A31D5CDF4A3C7AF520C68","EE5A3F897381C945","DA05EE217754B736041B7C72","7521532C6FBBDC0D601E38A4","CD 1","1234",48,10000,5,10,1644922860,"Ourofino_1","Y","Y"
1644585000,"SKU0002","C02093F8192D02904D81F6B4","3BA610DC7D898CD1","DA05EE217754B736041B7C72","7521532C6FBBDC0D601E38A4","CD 1","1234",48,10000,5,10,1644922860,"Ourofino_1","Y","Y"
1644585000,"SKU0002","0681CFDEF9BE286F2AB3382A","29EFDED481848051","FB5F8CCCEBB9547F6C4CE9BE","7521532C6FBBDC0D601E38A4","CD 1","1234",48,10000,5,10,1644922860,"Ourofino_1","Y","Y"
1644585000,"SKU0002","DED567538095327254F23AAA","CD2C0DF3EEA035CE","FB5F8CCCEBB9547F6C4CE9BE","7521532C6FBBDC0D601E38A4","CD 1","1234",48,10000,5,10,1644922860,"Ourofino_1","Y","Y"
1644585000,"SKU0002","18A3F5E2CA7E6668B4B2407E","C126AF639CACAE86","FB5F8CCCEBB9547F6C4CE9BE","7521532C6FBBDC0D601E38A4","CD 1","1234",48,10000,5,10,1644922860,"Ourofino_1","Y","Y"
1644585000,"SKU0002","B85E0A4EC41216C2162859E3","743AEFADA3CD1F3C","FB5F8CCCEBB9547F6C4CE9BE","7521532C6FBBDC0D601E38A4","CD 1","1234",48,10000,5,10,1644922860,"Ourofino_1","Y","Y"
1644585000,"SKU0002","83013DF09D16A00F755FE32D","573329F587C3E939","5D3CAD5D24106CA607EA199C","7521532C6FBBDC0D601E38A4","CD 1","1234",48,10000,5,10,1644922860,"Ourofino_1","Y","Y"
1644585000,"SKU0002","C4A9B1A4F03B32ECAD40B0D7","5E2839296F76DBEA","B29113CB510CFE3A2F27AE67","6B182A6DDBB520901BCD0428","CD 1","1234",48,10000,5,10,1644922860,"Ourofino_1","Y","Y"
1644585000,"SKU0002","046AE3C7EE710AB11625DDB1","0D7FB500BFDD2CF9","2DBAC653AA8CB8588A140030","6B182A6DDBB520901BCD0428","CD 1","1234",48,10000,5,10,1644922860,"Ourofino_1","Y","Y"
1644585000,"SKU0002","A272F4D3D66EACD133C6BD0F","3F302EA4B483D224","B29113CB510CFE3A2F27AE67","6B182A6DDBB520901BCD0428","CD 1","1234",48,10000,5,10,1644922860,"Ourofino_1","Y","Y"
1644585000,"SKU0002","B6B79FC4107146EAAD53262C","67F62439C8F9E58C","505ECC9652556F264F0BD36F","6B182A6DDBB520901BCD0428","CD 1","1234",48,10000,5,10,1644922860,"Ourofino_1","Y","Y"
1644585000,"SKU0002","C8CE237419E8F88B2D08E395","F53F9DC482AC420B","505ECC9652556F264F0BD36F","6B182A6DDBB520901BCD0428","CD 1","1234",48,10000,5,10,1644922860,"Ourofino_1","Y","Y"
1644585000,"SKU0002","70A2B4346E537B1CD3C96EAE","35B2E63B3E8CE5C2","505ECC9652556F264F0BD36F","6B182A6DDBB520901BCD0428","CD 1","1234",48,10000,5,10,1644922860,"Ourofino_1","Y","Y"
1644585000,"SKU0002","F09C1A606E2E8F98AB9B72AD","85C73F303D5301D2","505ECC9652556F264F0BD36F","6B182A6DDBB520901BCD0428","CD 1","1234",48,10000,5,10,1644922860,"Ourofino_1","Y","Y"
1644585000,"SKU0002","2E56A252702B13987D8D6222","324DC0A9264CE230","505ECC9652556F264F0BD36F","6B182A6DDBB520901BCD0428","CD 1","1234",48,10000,5,10,1644922860,"Ourofino_1","Y","Y"
1644585000,"SKU0002","DC1188B135613C2BBD1B343D","9D2099241FBD63B5","F51B973507787B0F5F17EA6C","6B182A6DDBB520901BCD0428","CD 1","1234",48,10000,5,10,1644922860,"Ourofino_1","Y","Y"
1644585000,"SKU0002","55EB70F7DFE5138AC5945F50","57287ED496AF9A8F","F51B973507787B0F5F17EA6C","6B182A6DDBB520901BCD0428","CD 1","1234",48,10000,5,10,1644922860,"Ourofino_1","Y","Y"
1644585000,"SKU0002","3D832EFC75E2E63737A42D1E","E7C42758FA9CE7F8","F51B973507787B0F5F17EA6C","6B182A6DDBB520901BCD0428","CD 1","1234",48,10000,5,10,1644922860,"Ourofino_1","Y","Y"
1644585000,"SKU0002","20F785D08187E49AC96F3B7D","DF891CF037262FB1","F51B973507787B0F5F17EA6C","6B182A6DDBB520901BCD0428","CD 1","1234",48,10000,5,10,1644922860,"Ourofino_1","Y","Y"
1644585000,"SKU0002","68F7AF3A7C59A1E00DD0D521","571FD73D587FFA87","F51B973507787B0F5F17EA6C","6B182A6DDBB520901BCD0428","CD 1","1234",48,10000,5,10,1644922860,"Ourofino_1","Y","Y"
1644585000,"SKU0002","EF9D5865F5C9A28669171927","1B673F3092E72DD2","36A10BAAD637A58B2ABD2996","6B182A6DDBB520901BCD0428","CD 1","1234",48,10000,5,10,1644922860,"Ourofino_1","Y","Y"
1644585000,"SKU0002","21FCD5D94D5D69131413B541","423DFC55AEA42AF8","36A10BAAD637A58B2ABD2996","6B182A6DDBB520901BCD0428","CD 1","1234",48,10000,5,10,1644922860,"Ourofino_1","Y","Y"
1644585000,"SKU0002","9B93FD1470A25645188C0448","5879C2F231A7278A","36A10BAAD637A58B2ABD2996","6B182A6DDBB520901BCD0428","CD 1","1234",48,10000,5,10,1644922860,"Ourofino_1","Y","Y"
1644585000,"SKU0002","C0C30F8E2790A6D91D4A32A0","02C877DFCC7980DE","36A10BAAD637A58B2ABD2996","6B182A6DDBB520901BCD0428","CD 1","1234",48,10000,5,10,1644922860,"Ourofino_1","Y","Y"
1644585000,"SKU0002","1DA257DF7F7F275D94DB9BD9","4BB52BE76F4D50D2","36A10BAAD637A58B2ABD2996","6B182A6DDBB520901BCD0428","CD 1","1234",48,10000,5,10,1644922860,"Ourofino_1","Y","Y"
1644585000,"SKU0002","48F4EAB4A91DE05CC1260482","514F759A648B7578","D4B37D8B5835C8E383927CCB","6B182A6DDBB520901BCD0428","CD 1","1234",48,10000,5,10,1644922860,"Ourofino_1","Y","Y"
1644585000,"SKU0002","E21BCB37EDB7752780B129E2","283EE702297A6CED","D4B37D8B5835C8E383927CCB","6B182A6DDBB520901BCD0428","CD 1","1234",48,10000,5,10,1644922860,"Ourofino_1","Y","Y"
1644585000,"SKU0002","E370EB5E453EC87E0B6CE522","5A04B97D12013BD2","D4B37D8B5835C8E383927CCB","6B182A6DDBB520901BCD0428","CD 1","1234",48,10000,5,10,1644922860,"Ourofino_1","Y","Y"
1644585000,"SKU0002","C055F10079D3A57C2CB3D8C3","1C31BC4F63EFEC92","D4B37D8B5835C8E383927CCB","6B182A6DDBB520901BCD0428","CD 1","1234",48,10000,5,10,1644922860,"Ourofino_1","Y","Y"
1644585000,"SKU0002","96F2A7B1BB9CEE508D3C717F","18453EC7068A9256","D4B37D8B5835C8E383927CCB","6B182A6DDBB520901BCD0428","CD 1","1234",48,10000,5,10,1644922860,"Ourofino_1","Y","Y"
1644585000,"SKU0002","99054DDD653A62213D140475","A69D15545E19EFCE","9704426EB0ED543350C4F095","7521532C6FBBDC0D601E38A4","CD 1","1234",48,10000,5,10,1644922860,"Ourofino_1","Y","Y"
1644585000,"SKU0002","0AC11B908E673BB2772778BB","FF185A99AA54F1EE","7C0946B64738031EEB58A631","6B182A6DDBB520901BCD0428","CD 1","1234",48,10000,5,10,1644922860,"Ourofino_1","Y","Y"
1644585000,"SKU0002","2948380054D1CBC634536581","FA67E96BC9B6B0E4","7C0946B64738031EEB58A631","6B182A6DDBB520901BCD0428","CD 1","1234",48,10000,5,10,1644922860,"Ourofino_1","Y","Y"
1644585000,"SKU0002","D9833E9E8FAF5D8BAC99F7F0","82B5BAE4B70CB379","7C0946B64738031EEB58A631","6B182A6DDBB520901BCD0428","CD 1","1234",48,10000,5,10,1644922860,"Ourofino_1","Y","Y"
1644585000,"SKU0002","C7D3CD97373C09EBEB72A17C","4FCC2850C43A1C1D","7C0946B64738031EEB58A631","6B182A6DDBB520901BCD0428","CD 1","1234",48,10000,5,10,1644922860,"Ourofino_1","Y","Y"
1644585000,"SKU0002","F9E6A18472622E8204B2CEED","CEE1A148E3FD8CA7","B29113CB510CFE3A2F27AE67","6B182A6DDBB520901BCD0428","CD 1","1234",48,10000,5,10,1644922860,"Ourofino_1","Y","Y"
1644585000,"SKU0002","24B0D1AE0326F6FE8CCD0F0A","409294E6BD61305D","B29113CB510CFE3A2F27AE67","6B182A6DDBB520901BCD0428","CD 1","1234",48,10000,5,10,1644922860,"Ourofino_1","Y","Y"
1644585000,"SKU0002","9719670989EDD9BADE0CBB6B","FB920BFE0A0AB5C0","4F9BB547DC5DFC87F61C2FB1","6B182A6DDBB520901BCD0428","CD 1","1234",48,10000,5,10,1644922860,"Ourofino_1","Y","Y"
1644585000,"SKU0002","F81B19786BB129649B9733AC","3792B648369F0018","4F9BB547DC5DFC87F61C2FB1","6B182A6DDBB520901BCD0428","CD 1","1234",48,10000,5,10,1644922860,"Ourofino_1","Y","Y"
1644585000,"SKU0002","837CD766E460FBF76ECD113D","C760BC2A15D2BE5F","4F9BB547DC5DFC87F61C2FB1","6B182A6DDBB520901BCD0428","CD 1","1234",48,10000,5,10,1644922860,"Ourofino_1","Y","Y"
1644585000,"SKU0002","F04E0998EF500EABF4E6D645","083A2311B82DCAD9","4F9BB547DC5DFC87F61C2FB1","6B182A6DDBB520901BCD0428","CD 1","1234",48,10000,5,10,1644922860,"Ourofino_1","Y","Y"
1644585000,"SKU0002","7FCDA473DC8E95502C176BC3","7DDA143ED869CD81","4F9BB547DC5DFC87F61C2FB1","6B182A6DDBB520901BCD0428","CD 1","1234",48,10000,5,10,1644922860,"Ourofino_1","Y","Y"
1644585000,"SKU0002","8A65716BC8414EB176C7D63E","000BA329D135222E","DC845FED9FB41C3F8C3F6567","6B182A6DDBB520901BCD0428","CD 1","1234",48,10000,5,10,1644922860,"Ourofino_1","Y","Y"
1644585000,"SKU0002","57DA542C22BAAE064A2D7949","7DC53BA6EE8B9498","DC845FED9FB41C3F8C3F6567","6B182A6DDBB520901BCD0428","CD 1","1234",48,10000,5,10,1644922860,"Ourofino_1","Y","Y"
1644585000,"SKU0002","413D00C1EFDA589236C0E6F2","F69DE79965423EAD","DC845FED9FB41C3F8C3F6567","6B182A6DDBB520901BCD0428","CD 1","1234",48,10000,5,10,1644922860,"Ourofino_1","Y","Y"
1644585000,"SKU0002","DFEECB5C44F1ABE2020276C6","A9A901BEF73D2AB4","B29113CB510CFE3A2F27AE67","6B182A6DDBB520901BCD0428","CD 1","1234",48,10000,5,10,1644922860,"Ourofino_1","Y","Y"
1644585000,"SKU0002","E475764779B036D533520DE0","FDE031A7AD0C531B","DC845FED9FB41C3F8C3F6567","6B182A6DDBB520901BCD0428","CD 1","1234",48,10000,5,10,1644922860,"Ourofino_1","Y","Y"
1644585000,"SKU0002","33C2F30804975FFDB5C73F99","ABE4CF371C1384B7","D2C30CAEF787CA52E596236E","6B182A6DDBB520901BCD0428","CD 1","1234",48,10000,5,10,1644922860,"Ourofino_1","Y","Y"
1644585000,"SKU0002","72D4C818DFA8CEDC28F4412D","742B7F336CD50EFA","D2C30CAEF787CA52E596236E","6B182A6DDBB520901BCD0428","CD 1","1234",48,10000,5,10,1644922860,"Ourofino_1","Y","Y"
1644585000,"SKU0002","8D2EB1EB66AEDDEF95A24053","F74B56B120564A3A","D2C30CAEF787CA52E596236E","6B182A6DDBB520901BCD0428","CD 1","1234",48,10000,5,10,1644922860,"Ourofino_1","Y","Y"
1644585000,"SKU0002","9F08732E31909F7E6F6123B5","CAF6D9285E19433B","D2C30CAEF787CA52E596236E","6B182A6DDBB520901BCD0428","CD 1","1234",48,10000,5,10,1644922860,"Ourofino_1","Y","Y"
1644585000,"SKU0002","BEB30B26F11396C2ADC80152","709E0E808AC9E0CA","D2C30CAEF787CA52E596236E","6B182A6DDBB520901BCD0428","CD 1","1234",48,10000,5,10,1644922860,"Ourofino_1","Y","Y"
1644585000,"SKU0002","F892F1F3C043EBA0C8208654","C0E07146B0B5F19D","2DBAC653AA8CB8588A140030","6B182A6DDBB520901BCD0428","CD 1","1234",48,10000,5,10,1644922860,"Ourofino_1","Y","Y"
1644585000,"SKU0002","8ED81B786BC39856CFAB1990","34A7A968848644D6","2DBAC653AA8CB8588A140030","6B182A6DDBB520901BCD0428","CD 1","1234",48,10000,5,10,1644922860,"Ourofino_1","Y","Y"
1644585000,"SKU0002","B4AE188FF0050A382425F470","A944B7625E557F94","2DBAC653AA8CB8588A140030","6B182A6DDBB520901BCD0428","CD 1","1234",48,10000,5,10,1644922860,"Ourofino_1","Y","Y"
1644585000,"SKU0002","0DF9899A8B07C2FE26CBF5D6","223CA728ED547D04","2DBAC653AA8CB8588A140030","6B182A6DDBB520901BCD0428","CD 1","1234",48,10000,5,10,1644922860,"Ourofino_1","Y","Y"
1644585000,"SKU0002","A39F4002CD6FA3C2919A2E57","2BAC4AD59F97EA6B","7C0946B64738031EEB58A631","6B182A6DDBB520901BCD0428","CD 1","1234",48,10000,5,10,1644922860,"Ourofino_1","Y","Y"
1644585000,"SKU0002","B2D39493EB89CCBC4CB05AE9","60E968EBE5EF47E6","DC845FED9FB41C3F8C3F6567","6B182A6DDBB520901BCD0428","CD 1","1234",48,10000,5,10,1644922860,"Ourofino_1","Y","Y"
1644585000,"SKU0002","F54E96C22246005078A6E5C0","C988DD985D94EE0A","9704426EB0ED543350C4F095","7521532C6FBBDC0D601E38A4","CD 1","1234",48,10000,5,10,1644922860,"Ourofino_1","Y","Y"
